-- tbl1_platform_admin
INSERT INTO tbl1_platform_admin (admin_id, admin_shop_id, admin_username, admin_nickname, admin_password, admin_role, admin_status, admin_create_by, admin_create_at, admin_update_by, admin_update_at) VALUES(0x20202023BD204A20DC7062984199B167, 10, 'shop10_staff1', 'NO.1 焼肉ホルモン 上野_staff1', '$2a$10$DTeWP2c29JNyblUtdUx37ezC0aW.Rk8GsqJ2oIorKkIGrZlXKkTkm', 'STAFF', 0, 0xC020638E69202090D92320203E208EA2, '2024-10-30 18:07:58.992627', 0xC020638E69202090D92320203E208EA2, '2024-10-30 18:07:58.992627');
INSERT INTO tbl1_platform_admin (admin_id, admin_shop_id, admin_username, admin_nickname, admin_password, admin_role, admin_status, admin_create_by, admin_create_at, admin_update_by, admin_update_at) VALUES(0x2CC3B8CE82CE41202020DD206AC320C4, 4, 'shop4_staff1', 'リバヨンアタック_staff1', '$2a$10$CmBdfpgwAwLt7OcFJ5OCFORdT6DUGFfazanqK1Dv7i7UZ4yuh30CO', 'STAFF', 0, 0xC020638E69202090D92320203E208EA2, '2024-10-30 14:38:07.335961', 0xC020638E69202090D92320203E208EA2, '2024-10-30 14:38:07.335961');
INSERT INTO tbl1_platform_admin (admin_id, admin_shop_id, admin_username, admin_nickname, admin_password, admin_role, admin_status, admin_create_by, admin_create_at, admin_update_by, admin_update_at) VALUES(0x2F20D24E20B9442020AAA9A620AC4871, 0, 'platform_admin2', '管理者2', '$2a$10$7/YQqTi77RNfQOkmNkoUDOkBfxs2ma.15SH9opQ25zDHakCZ.Swsq', 'ADMIN', 0, 0x2F20D24E20B9442020AAA9A620AC4871, '2024-10-16 11:00:00.888888', 0x2F20D24E20B9442020AAA9A620AC4871, '2024-10-16 11:00:00.888888');
INSERT INTO tbl1_platform_admin (admin_id, admin_shop_id, admin_username, admin_nickname, admin_password, admin_role, admin_status, admin_create_by, admin_create_at, admin_update_by, admin_update_at) VALUES(0x308F794B2A604D2CD0D4477598224669, 7, 'shop7_staff1', 'モンゴル薬膳しゃぶしゃぶ小尾羊 銀座店_staff1', '$2a$10$g5tazTzrs17EpZOs2BB0Qurpo4oSs/1u93JFAVsEjIzwhlMhU8RyS', 'STAFF', 0, 0xC020638E69202090D92320203E208EA2, '2024-10-30 16:04:51.844541', 0xC020638E69202090D92320203E208EA2, '2024-10-30 16:04:51.844541');
INSERT INTO tbl1_platform_admin (admin_id, admin_shop_id, admin_username, admin_nickname, admin_password, admin_role, admin_status, admin_create_by, admin_create_at, admin_update_by, admin_update_at) VALUES(0x3F7C202896534AAB2020356920A0B46F, 2, 'shop2_staff1', '居酒屋 海水 新橋店_staff1', '$2a$10$iip58qkQ81U5CZsjR6XQbOMxaCCPhGAX8sUYQXVf35b8gdcsF3w3q', 'STAFF', 0, 0xC020638E69202090D92320203E208EA2, '2024-10-29 15:55:28.190645', 0xC020638E69202090D92320203E208EA2, '2024-10-29 15:55:28.190645');
INSERT INTO tbl1_platform_admin (admin_id, admin_shop_id, admin_username, admin_nickname, admin_password, admin_role, admin_status, admin_create_by, admin_create_at, admin_update_by, admin_update_at) VALUES(0x53202E9523AD49662021203970DC292D, 1, 'shop1_staff1', '神田焼肉 俺の肉 南口店_staff1', '$2a$10$IkTybD62B9NO7SiP2AjvLeQ6BwYr6FvFnIWdRaEK9MlttLND2flvO', 'STAFF', 0, 0xC020638E69202090D92320203E208EA2, '2024-10-29 15:47:48.303005', 0xC020638E69202090D92320203E208EA2, '2024-10-29 15:47:48.303005');
INSERT INTO tbl1_platform_admin (admin_id, admin_shop_id, admin_username, admin_nickname, admin_password, admin_role, admin_status, admin_create_by, admin_create_at, admin_update_by, admin_update_at) VALUES(0x5920DE2020D441D12020A44F203E506C, 3, 'shop3_staff1', 'ホウシャントウ ロースーファン ヒナベ_staff1', '$2a$10$V4UeLEKtkcB1ywvE9Q.KBOFRlHMgSY/bOUjEPL9NIWRGqzDNaSXj2', 'STAFF', 0, 0xC020638E69202090D92320203E208EA2, '2024-10-29 16:01:08.928787', 0xC020638E69202090D92320203E208EA2, '2024-10-29 16:01:08.928787');
INSERT INTO tbl1_platform_admin (admin_id, admin_shop_id, admin_username, admin_nickname, admin_password, admin_role, admin_status, admin_create_by, admin_create_at, admin_update_by, admin_update_at) VALUES(0x5B3D863651A34C84DED19B5A205C6661, 5, 'shop5_staff1', '長尾中華そば 神田店_staff1', '$2a$10$n2zM2LybK9JuoMHVe5B6Yur.Id9WkwLmb2NuNN1VJc.HQswB54q6C', 'STAFF', 0, 0xC020638E69202090D92320203E208EA2, '2024-10-30 15:16:17.994481', 0xC020638E69202090D92320203E208EA2, '2024-10-30 15:16:17.994481');
INSERT INTO tbl1_platform_admin (admin_id, admin_shop_id, admin_username, admin_nickname, admin_password, admin_role, admin_status, admin_create_by, admin_create_at, admin_update_by, admin_update_at) VALUES(0x5DB25E9728204AC320807620A7BBAFB3, 12, 'shop12_staff1', '馬さん餃子酒場 上野店_staff1', '$2a$10$4fccAvUB5RVsfWyQMLEg.expzvAq.nCo1sEGzIW/IUnfF8Qvh7WWq', 'STAFF', 0, 0xC020638E69202090D92320203E208EA2, '2024-10-30 18:56:09.704737', 0xC020638E69202090D92320203E208EA2, '2024-10-30 18:56:09.704737');
INSERT INTO tbl1_platform_admin (admin_id, admin_shop_id, admin_username, admin_nickname, admin_password, admin_role, admin_status, admin_create_by, admin_create_at, admin_update_by, admin_update_at) VALUES(0x6520A63F74204957DEBD9CD9726F6D7C, 6, 'shop6_staff1', '餃子 酒場 大田屋_staff1', '$2a$10$JxfFP/sBib0gRHPNNtwPDu26o0T3pXxiwRc10gsNIe50alA0lKafC', 'STAFF', 0, 0xC020638E69202090D92320203E208EA2, '2024-10-30 15:29:36.555187', 0xC020638E69202090D92320203E208EA2, '2024-10-30 15:29:36.555187');
INSERT INTO tbl1_platform_admin (admin_id, admin_shop_id, admin_username, admin_nickname, admin_password, admin_role, admin_status, admin_create_by, admin_create_at, admin_update_by, admin_update_at) VALUES(0x7B53BF2020CD4776202ABCA2B45D7ECB, 11, 'shop11_staff1', '麺処 花田 上野店_staff1', '$2a$10$ZIKutrGB19.VaD4FZqJzp.HNidTVcjo3A8qqHVyxaW.Fumj6i1gWm', 'STAFF', 0, 0xC020638E69202090D92320203E208EA2, '2024-10-30 18:20:53.904228', 0xC020638E69202090D92320203E208EA2, '2024-10-30 18:20:53.904228');
INSERT INTO tbl1_platform_admin (admin_id, admin_shop_id, admin_username, admin_nickname, admin_password, admin_role, admin_status, admin_create_by, admin_create_at, admin_update_by, admin_update_at) VALUES(0x2081C9B9ABBD4892DC4D822B8FD8C66F, 9, 'shop9_staff1', '長安刀削麺_staff1', '$2a$10$Dpb0QA8qJU5ZNBirDipM6.c7UyswjAaOYm57HNHnT3v4HVbUNJYlm', 'STAFF', 0, 0xC020638E69202090D92320203E208EA2, '2024-10-30 17:53:28.377567', 0xC020638E69202090D92320203E208EA2, '2024-10-30 17:53:28.377567');
INSERT INTO tbl1_platform_admin (admin_id, admin_shop_id, admin_username, admin_nickname, admin_password, admin_role, admin_status, admin_create_by, admin_create_at, admin_update_by, admin_update_at) VALUES(0xDB20A177D78A4A6ACF2243B4A67DD3DE, 0, 'platform_admin3', '管理者3', '$2a$10$7/YQqTi77RNfQOkmNkoUDOkBfxs2ma.15SH9opQ25zDHakCZ.Swsq', 'ADMIN', 0, 0xDB20A177D78A4A6ACF2243B4A67DD3DE, '2024-10-16 11:00:00.888888', 0xDB20A177D78A4A6ACF2243B4A67DD3DE, '2024-10-16 11:00:00.888888');
INSERT INTO tbl1_platform_admin (admin_id, admin_shop_id, admin_username, admin_nickname, admin_password, admin_role, admin_status, admin_create_by, admin_create_at, admin_update_by, admin_update_at) VALUES(0xC5716FBE49204E8ECD63677DB53EA4D0, 8, 'shop8_staff1', '秀苑天_staff1', '$2a$10$73CjXUNbFv6zJJN3JnGt6OyNF5RX7LiLsUbUeoR7/fhQXrM9Mexkm', 'STAFF', 0, 0xC020638E69202090D92320203E208EA2, '2024-10-30 16:22:15.259943', 0xC020638E69202090D92320203E208EA2, '2024-10-30 16:22:15.259943');
-- tbl2_area
truncate table tbl2_area;
INSERT INTO tbl2_area (area_id, area_name_cn, area_name_jp, area_note, area_sw_lat, area_sw_lng, area_ne_lat, area_ne_lng, area_status, area_create_by, area_create_at, area_update_by, area_update_at) VALUES(1, '神田&秋叶原', '神田（秋葉原）', 'テスト商圏1', 35.69170300, 139.75613200, 35.70302300, 139.78108500, 0, 0xC020638E69202090D92320203E208EA2, '2024-10-29 15:01:55.016089', 0xC020638E69202090D92320203E208EA2, '2024-10-29 15:01:55.016089');
INSERT INTO tbl2_area (area_id, area_name_cn, area_name_jp, area_note, area_sw_lat, area_sw_lng, area_ne_lat, area_ne_lng, area_status, area_create_by, area_create_at, area_update_by, area_update_at) VALUES(2, '新桥&银座', '新橋（銀座）', 'テスト商圏2', 35.66179400, 139.75145700, 35.67529000, 139.77180600, 0, 0xC020638E69202090D92320203E208EA2, '2024-10-29 15:23:10.298895', 0xC020638E69202090D92320203E208EA2, '2024-10-29 15:23:10.298895');
INSERT INTO tbl2_area (area_id, area_name_cn, area_name_jp, area_note, area_sw_lat, area_sw_lng, area_ne_lat, area_ne_lng, area_status, area_create_by, area_create_at, area_update_by, area_update_at) VALUES(3, '上野', '上野', 'テスト商圏3', 35.70309700, 139.76976600, 35.72166100, 139.78156800, 0, 0xC020638E69202090D92320203E208EA2, '2024-10-29 15:29:46.922516', 0xC020638E69202090D92320203E208EA2, '2024-10-29 15:29:46.922516');
-- tbl3_category
truncate table tbl3_category;
INSERT INTO tbl3_category (category_id, category_name_cn, category_name_jp, category_note, category_status, category_create_by, category_create_at, category_update_by, category_update_at) VALUES(1, '火锅', '火鍋', '报表展示用分类', 0, 0xC020638E69202090D92320203E208EA2, '2024-10-29 11:00:00.888888', 0xC020638E69202090D92320203E208EA2, '2024-10-29 11:00:00.888888');
INSERT INTO tbl3_category (category_id, category_name_cn, category_name_jp, category_note, category_status, category_create_by, category_create_at, category_update_by, category_update_at) VALUES(2, '烤肉', '焼肉', '报表展示用分类', 0, 0xC020638E69202090D92320203E208EA2, '2024-10-29 11:00:00.888888', 0xC020638E69202090D92320203E208EA2, '2024-10-29 11:00:00.888888');
INSERT INTO tbl3_category (category_id, category_name_cn, category_name_jp, category_note, category_status, category_create_by, category_create_at, category_update_by, category_update_at) VALUES(3, '拉面', 'ラーメン', '报表展示用分类', 0, 0xC020638E69202090D92320203E208EA2, '2024-10-29 11:00:00.888888', 0xC020638E69202090D92320203E208EA2, '2024-10-29 11:00:00.888888');
INSERT INTO tbl3_category (category_id, category_name_cn, category_name_jp, category_note, category_status, category_create_by, category_create_at, category_update_by, category_update_at) VALUES(4, '饺子', '餃子', '报表展示用分类', 0, 0xC020638E69202090D92320203E208EA2, '2024-10-29 11:00:00.888888', 0xC020638E69202090D92320203E208EA2, '2024-10-29 11:00:00.888888');
INSERT INTO tbl3_category (category_id, category_name_cn, category_name_jp, category_note, category_status, category_create_by, category_create_at, category_update_by, category_update_at) VALUES(5, '日本料理', '和食', '报表展示用分类', 0, 0xC020638E69202090D92320203E208EA2, '2024-10-29 11:00:00.888888', 0xC020638E69202090D92320203E208EA2, '2024-10-29 11:00:00.888888');
INSERT INTO tbl3_category (category_id, category_name_cn, category_name_jp, category_note, category_status, category_create_by, category_create_at, category_update_by, category_update_at) VALUES(6, '寿司', '寿司', '报表展示用分类', 0, 0xC020638E69202090D92320203E208EA2, '2024-10-29 11:00:00.888888', 0xC020638E69202090D92320203E208EA2, '2024-10-29 11:00:00.888888');
INSERT INTO tbl3_category (category_id, category_name_cn, category_name_jp, category_note, category_status, category_create_by, category_create_at, category_update_by, category_update_at) VALUES(7, '海鲜/海鲜', '海鮮・魚介', '报表展示用分类', 0, 0xC020638E69202090D92320203E208EA2, '2024-10-29 11:00:00.888888', 0xC020638E69202090D92320203E208EA2, '2024-10-29 11:00:00.888888');
INSERT INTO tbl3_category (category_id, category_name_cn, category_name_jp, category_note, category_status, category_create_by, category_create_at, category_update_by, category_update_at) VALUES(8, '荞麦面/乌冬面', 'そば・うどん', '报表展示用分类', 0, 0xC020638E69202090D92320203E208EA2, '2024-10-29 11:00:00.888888', 0xC020638E69202090D92320203E208EA2, '2024-10-29 11:00:00.888888');
INSERT INTO tbl3_category (category_id, category_name_cn, category_name_jp, category_note, category_status, category_create_by, category_create_at, category_update_by, category_update_at) VALUES(9, '烤鸡肉串', '焼き鳥', '报表展示用分类', 0, 0xC020638E69202090D92320203E208EA2, '2024-10-29 11:00:00.888888', 0xC020638E69202090D92320203E208EA2, '2024-10-29 11:00:00.888888');
INSERT INTO tbl3_category (category_id, category_name_cn, category_name_jp, category_note, category_status, category_create_by, category_create_at, category_update_by, category_update_at) VALUES(10, '御好烧', 'お好み焼き', '报表展示用分类', 0, 0xC020638E69202090D92320203E208EA2, '2024-10-29 11:00:00.888888', 0xC020638E69202090D92320203E208EA2, '2024-10-29 11:00:00.888888');
INSERT INTO tbl3_category (category_id, category_name_cn, category_name_jp, category_note, category_status, category_create_by, category_create_at, category_update_by, category_update_at) VALUES(11, '西餐', '洋食', '报表展示用分类', 0, 0xC020638E69202090D92320203E208EA2, '2024-10-29 11:00:00.888888', 0xC020638E69202090D92320203E208EA2, '2024-10-29 11:00:00.888888');
INSERT INTO tbl3_category (category_id, category_name_cn, category_name_jp, category_note, category_status, category_create_by, category_create_at, category_update_by, category_update_at) VALUES(12, '牛排', 'ステーキ', '报表展示用分类', 0, 0xC020638E69202090D92320203E208EA2, '2024-10-29 11:00:00.888888', 0xC020638E69202090D92320203E208EA2, '2024-10-29 11:00:00.888888');
INSERT INTO tbl3_category (category_id, category_name_cn, category_name_jp, category_note, category_status, category_create_by, category_create_at, category_update_by, category_update_at) VALUES(13, '中餐', '中華料理', '报表展示用分类', 0, 0xC020638E69202090D92320203E208EA2, '2024-10-29 11:00:00.888888', 0xC020638E69202090D92320203E208EA2, '2024-10-29 11:00:00.888888');
INSERT INTO tbl3_category (category_id, category_name_cn, category_name_jp, category_note, category_status, category_create_by, category_create_at, category_update_by, category_update_at) VALUES(14, '居酒屋', '居酒屋', '报表展示用分类', 0, 0xC020638E69202090D92320203E208EA2, '2024-10-29 11:00:00.888888', 0xC020638E69202090D92320203E208EA2, '2024-10-29 11:00:00.888888');
INSERT INTO tbl3_category (category_id, category_name_cn, category_name_jp, category_note, category_status, category_create_by, category_create_at, category_update_by, category_update_at) VALUES(15, '天妇罗', '天ぷら', '报表展示用分类', 0, 0xC020638E69202090D92320203E208EA2, '2024-10-29 11:00:00.888888', 0xC020638E69202090D92320203E208EA2, '2024-10-29 11:00:00.888888');
INSERT INTO tbl3_category (category_id, category_name_cn, category_name_jp, category_note, category_status, category_create_by, category_create_at, category_update_by, category_update_at) VALUES(16, '炸猪排', 'とんかつ', '报表展示用分类', 0, 0xC020638E69202090D92320203E208EA2, '2024-10-29 11:00:00.888888', 0xC020638E69202090D92320203E208EA2, '2024-10-29 11:00:00.888888');
-- tbl4_shop
truncate table tbl4_shop;
INSERT INTO tbl4_shop (shop_id, shop_name_cn, shop_name_jp, shop_desc_cn, shop_desc_jp, category_id, shop_addr_class1, shop_addr_class2, shop_addr_cn, shop_addr_jp, shop_addr_lat, shop_addr_lng, area_id, shop_expense_from, shop_expense_to, shop_contact, shop_workday_cn, shop_workday_jp, shop_worktime1_from, shop_worktime1_to, shop_worktime2_from, shop_worktime2_to, shop_detail_1_cn, shop_detail_1_jp, shop_pics, shop_contact_qrcode, shop_tag_cn, shop_tag_jp, shop_tag_eng, tag_update_at, shop_note, shop_status, shop_create_by, shop_create_at, shop_update_by, shop_update_at) VALUES(1, '神田烤肉 我家的肉 南口店', '神田焼肉 俺の肉 南口店', 'A5级日本黑色牛肉 /红色烤肉专门店', 'A5ランク黒毛和牛・赤身焼肉専門店', 2, 13, 101, '鍛冶町2-1-13 東海楼ビル 1F', '鍛冶町2-1-13 東海楼ビル 1F', 35.69081800, 139.77124100, 1, 6000, 7999, '050-5596-1075', '无定休日', '不定休', '17:00:00', '23:30:59', NULL, NULL, '距Kanda车站南部出口40秒！多达32个宴会★A5 KUROGE WAGYU专业★Kanda Yakiniku我的第二餐厅在这里！
请在常规假期中使用姐妹商店“ Kanda Yakiniku My Meat Honten”。

媒体出版物>>“成人周末，精美的红肉★★★Sanzu Sannoshi商店”。肉类书《 2018年东京肉类美味店》出版了。 Yakiniku Road 20年，您可以与所有者一起享受精美的红色Yakiniku。杰作“我的豪华！”是South Exit Store Limited服务的令人惊讶的烟花制作，我们将进一步激发Yakiniku的日子，等待宴会和周年纪念日！还支持3至12人的团体宴会。', '神田駅南口から40秒！宴会32名まで対応★A5黒毛和牛専門★神田焼肉 俺の肉２号店はコチラ！
当店定休日は姉妹店「神田焼肉 俺の肉 本店」年中無休をご利用下さい。

メディア掲載》「おとなの週末・絶品赤身肉の★★★三ツ星店」に選出。肉本「2018 東京 肉 おいしい店」掲載。焼肉道20年・店主こだわりの絶品赤身焼肉をお楽しみ頂けます。圧巻の「俺のデラックス盛り！」は南口店限定サービスのサプライズな花火演出で、宴会や記念日の待ちに待った焼肉の日を更に盛り上げます！3名～12名様の団体宴会利用にも対応。', 'https://www.itcocreation.cc/ckapi/management/shop-pic/d09c8dfd-cf50-433b-86fd-cc9f096bc544.jpg,https://www.itcocreation.cc/ckapi/management/shop-pic/df8ab42f-ccb1-41b1-83c0-db4eec987d75.jpg,https://www.itcocreation.cc/ckapi/management/shop-pic/ece7791b-ca66-4119-9cb2-e77705f60ebe.jpg,https://www.itcocreation.cc/ckapi/management/shop-pic/10be71f7-7334-4daa-a946-be4eae831bd8.jpg,https://www.itcocreation.cc/ckapi/management/shop-pic/a4754f5b-1df8-427a-9f2c-5c7eb3be8640.jpg', 'https://www.itcocreation.cc/ckapi/management/shop-contact/18fd7236-4899-41b0-8dfb-dd3557bfb1bf.png', '正宗北京菜,烤鸭美味,环境舒适,服务周到,价格合理,菜品一般', '本格的な北京料理,北京ダックが美味しい,店内は雰囲気が良い,サービスが良い,値段が手頃,料理が普通', 'AuthenticBeijingCuisine,DeliciousPekingDuck,ComfortableAtmosphere,ExcellentService,ReasonablePrice,AverageDishes', '2024-10-30 19:12:10.235213', 'テスト店舗1', 0, 0xC020638E69202090D92320203E208EA2, '2024-10-29 15:47:48.303005', 0xC020638E69202090D92320203E208EA2, '2024-10-30 19:12:10.235213');
INSERT INTO tbl4_shop (shop_id, shop_name_cn, shop_name_jp, shop_desc_cn, shop_desc_jp, category_id, shop_addr_class1, shop_addr_class2, shop_addr_cn, shop_addr_jp, shop_addr_lat, shop_addr_lng, area_id, shop_expense_from, shop_expense_to, shop_contact, shop_workday_cn, shop_workday_jp, shop_worktime1_from, shop_worktime1_to, shop_worktime2_from, shop_worktime2_to, shop_detail_1_cn, shop_detail_1_jp, shop_pics, shop_contact_qrcode, shop_tag_cn, shop_tag_jp, shop_tag_eng, tag_update_at, shop_note, shop_status, shop_create_by, shop_create_at, shop_update_by, shop_update_at) VALUES(2, '居酒屋 海水 新橋店', '居酒屋 海水 新橋店', '所有者厨师有光芒的创意的居酒屋', 'オーナーシェフのセンスが光る創作居酒屋', 4, 13, 103, '新橋2-8-16 石田ビル 1F', '新橋2-8-16 石田ビル 1F', 35.66740400, 139.75631300, 2, 3000, 3999, '050-5600-7847', '无定休日', '定休日なし', '11:30:00', '15:00:59', '16:00:00', '23:30:59', '有一个私人房间◆拥有日本食物和中国菜！一个宴会，有一个很棒的2小时 - 你-CAN -CAN -DRINK 4950日元课程◎
作为带有创意菜肴的Izakaya，所有菜肴都是由所有者厨师手工制作的。我们根本不使用冷冻食品，业主从购买阶段开始这样做。座椅和桌子座椅以及背面的私人房间也可用。这是一家商店，您可以在上班回家的路上搬进来，并缓慢治愈工作的疲劳。由于它在车站附近，因此可以快速用于午餐。', '個室あり◆和食＆中華をメインの創作料理が自慢！お得な2H飲み放題4950円コースで宴会も◎
創作料理が中心の居酒屋として、料理はすべてオーナーシェフの手づくり。冷凍ものは一切使用せず、仕入れの段階からオーナーが行っています。席はカウンター席とテーブル席のほか、奥には個室も完備。会社帰りにお立ち寄りいただき、ゆっくりと仕事の疲れを癒していただけるようなお店です。駅近なのでサクッとランチにもご利用いただけます。', 'https://www.itcocreation.cc/ckapi/management/shop-pic/ac4c7fad-a159-41af-9b80-40c74123581a.jpg,https://www.itcocreation.cc/ckapi/management/shop-pic/12c9cdde-ac3b-43ab-8cd5-4f3e3d1f6f7a.jpg,https://www.itcocreation.cc/ckapi/management/shop-pic/55da64a0-e9ef-40a4-9639-236705934a6e.jpg', 'https://www.itcocreation.cc/ckapi/management/shop-contact/b36cfa36-bfea-4a4b-8d5c-62e0a33d78f3.png', '烤鸭美味,服务周到,环境舒适,价格偏高,性价比低,失望', '北京ダックが美味しい,サービスが良い,雰囲気が良い,値段が高い,コスパが悪い,がっかり', 'DeliciousPekingduck,Excellentservice,Comfortableatmosphere,Priceishigh,Lowpriceperformanceratio,Disappointed', '2024-10-30 19:25:02.642323', 'テスト店舗2', 0, 0xC020638E69202090D92320203E208EA2, '2024-10-29 15:55:28.190645', 0xC020638E69202090D92320203E208EA2, '2024-10-30 19:25:02.642323');
INSERT INTO tbl4_shop (shop_id, shop_name_cn, shop_name_jp, shop_desc_cn, shop_desc_jp, category_id, shop_addr_class1, shop_addr_class2, shop_addr_cn, shop_addr_jp, shop_addr_lat, shop_addr_lng, area_id, shop_expense_from, shop_expense_to, shop_contact, shop_workday_cn, shop_workday_jp, shop_worktime1_from, shop_worktime1_to, shop_worktime2_from, shop_worktime2_to, shop_detail_1_cn, shop_detail_1_jp, shop_pics, shop_contact_qrcode, shop_tag_cn, shop_tag_jp, shop_tag_eng, tag_update_at, shop_note, shop_status, shop_create_by, shop_create_at, shop_update_by, shop_update_at) VALUES(3, '好上头 螺狮粉 火锅', 'ホウシャントウ ロースーファン ヒナベ', '地道纯正中国火锅', '本場中国の火鍋をおひとり様から気軽に', 1, 13, 106, '上野2-1-9 VORT上野広小路ビル 9F', '上野2-1-9 VORT上野広小路ビル 9F', 35.70825700, 139.77284100, 3, 3000, 3999, '050-5600-7882', '无定休日', 'なし', '11:00:00', '23:00:59', NULL, NULL, '[ueno okachimachi Station sugu]欢迎一个人！享受真实的独特火锅，例如Dorian Hot Pot◆保留◎
我们的商店提供五种热锅，例如中国广西地区的“ Dorian Fire Nabe”和“ Tanishi贝类”。辛辣的“重庆火锅”使您可以享受三个层次的辣味，因此您可以享受自己喜欢的口味。明亮的内饰具有异国情调的氛围，有48个座位，包括一个半私人房间。请在工作，购物和女孩协会等各种场景中使用它。', '【上野御徒町駅スグ】1人鍋大歓迎！ドリアン火鍋など本場のユニークな火鍋を堪能◆貸切◎
「ドリアン火鍋」や中国広西地方の「タニシ貝火鍋」など5種類の火鍋をご提供する当店。もっとも辛い「重慶火鍋」は、辛さを3段階から選べるのでお好みの味わいで楽しめます◎生ビールやサワーをはじめとした酒類からタピオカミルクティーなどのソフトドリンクまで、お飲み物も種類豊富に取り揃えております！異国情緒漂う明るい店内は、半個室など48席を完備。仕事帰りや買い物帰り、女子会など幅広いシーンでご利用ください♪', 'https://www.itcocreation.cc/ckapi/management/shop-pic/13fb5d4c-d8d9-46e9-afbb-ca9bd4d71ecb.jpg,https://www.itcocreation.cc/ckapi/management/shop-pic/203ef022-2e83-41d4-ac94-89b4445bcd6a.jpg,https://www.itcocreation.cc/ckapi/management/shop-pic/b8026dff-9680-4959-b79e-3f319d50db47.jpg,https://www.itcocreation.cc/ckapi/management/shop-pic/90a196c7-ee34-4005-8067-4cdbf8a61652.jpg,https://www.itcocreation.cc/ckapi/management/shop-pic/8f8aedad-835d-48ac-90e1-709ff9d5f561.jpg', 'https://www.itcocreation.cc/ckapi/management/shop-contact/9f260993-2e39-40dc-8a03-b283105494d6.png', '环境舒适,服务态度,烤鸭美味,性价比低,菜品质量,推荐程度', '雰囲気の良い,サービスの質,北京ダックが美味しい,値段が高い,料理の質,おすすめ度', 'Comfortableenvironment,Serviceattitude,Deliciousroastduck,Lowprice-performanceratio,Foodquality,Recommendationlevel', '2024-10-30 19:05:40.321221', 'テスト店舗3', 0, 0xC020638E69202090D92320203E208EA2, '2024-10-29 16:01:08.928787', 0xC020638E69202090D92320203E208EA2, '2024-10-30 19:05:40.321221');
INSERT INTO tbl4_shop (shop_id, shop_name_cn, shop_name_jp, shop_desc_cn, shop_desc_jp, category_id, shop_addr_class1, shop_addr_class2, shop_addr_cn, shop_addr_jp, shop_addr_lat, shop_addr_lng, area_id, shop_expense_from, shop_expense_to, shop_contact, shop_workday_cn, shop_workday_jp, shop_worktime1_from, shop_worktime1_to, shop_worktime2_from, shop_worktime2_to, shop_detail_1_cn, shop_detail_1_jp, shop_pics, shop_contact_qrcode, shop_tag_cn, shop_tag_jp, shop_tag_eng, tag_update_at, shop_note, shop_status, shop_create_by, shop_create_at, shop_update_by, shop_update_at) VALUES(4, 'RIBAYON ATTACK', 'リバヨンアタック', '使用时令食材的川菜', '旬の食材を使った四川料理', 1, 13, 102, '日本橋室町3-4-4 OVOL日本橋ビル B1F', '日本橋室町3-4-4 OVOL日本橋ビル B1F', 35.68836200, 139.77338200, 1, 6000, 7999, '050-5596-3992', '周日和节假日', '日・祝日', '11:30:00', '15:00:59', '17:30:00', '23:00:59', '享受正宗川菜的休闲空间
川菜采用时令食材烹制而成', '本格四川中華料理が味わえる寛ぎの空間
旬の食材にこだわった四川中華。', 'https://www.itcocreation.cc/ckapi/management/shop-pic/8b701737-020a-4941-956c-4138030ff80c.jpg,https://www.itcocreation.cc/ckapi/management/shop-pic/07c35e2b-b19a-48e0-994e-34860d6c99cd.jpg,https://www.itcocreation.cc/ckapi/management/shop-pic/6b990583-b477-4910-97da-ead928794d06.jpg', 'https://www.itcocreation.cc/ckapi/management/shop-contact/bbed2559-6c4d-4ea6-abad-09a27caac83b.png', '味道正宗,服务周到,辣味十足,环境舒适,性价比高,服务态度差', '本格的な味,行き届いたサービス,辛さがしっかり,快適な環境,コスパが良い,サービスの態度が悪い', 'AuthenticFlavor,AttentiveService,SpicyFlavor,ComfortableEnvironment,GoodValueforMoney,PoorServiceAttitude', '2024-10-30 19:07:53.765704', 'テスト店舗4', 0, 0xC020638E69202090D92320203E208EA2, '2024-10-30 14:38:07.335961', 0xC020638E69202090D92320203E208EA2, '2024-10-30 19:07:53.765704');
INSERT INTO tbl4_shop (shop_id, shop_name_cn, shop_name_jp, shop_desc_cn, shop_desc_jp, category_id, shop_addr_class1, shop_addr_class2, shop_addr_cn, shop_addr_jp, shop_addr_lat, shop_addr_lng, area_id, shop_expense_from, shop_expense_to, shop_contact, shop_workday_cn, shop_workday_jp, shop_worktime1_from, shop_worktime1_to, shop_worktime2_from, shop_worktime2_to, shop_detail_1_cn, shop_detail_1_jp, shop_pics, shop_contact_qrcode, shop_tag_cn, shop_tag_jp, shop_tag_eng, tag_update_at, shop_note, shop_status, shop_create_by, shop_create_at, shop_update_by, shop_update_at) VALUES(5, '长尾中华荞麦面神田店', '長尾中華そば 神田店', '拉面、油荞麦面/mazesoba', 'ラーメン、油そば・まぜそば', 3, 13, 101, '神田小川町1-7 神田小川町ハイツ108', '神田小川町1-7 神田小川町ハイツ108', 35.69407400, 139.76585700, 1, 0, 999, '03-5577-4655', '周日和节假日', '日・祝日', '11:00:00', '16:00:59', '18:00:00', '21:00:59', '长尾中华荞麦面的面条采用以国产小麦为主的数十种面粉，根据面条和汤的种类进行独特的混合，并且主要使用非甘水面条，以免破坏沙丁鱼干的风味。  2022年9月，我们决定停止从开业以来一直合作的面条厂采购面条，转而专注于自制面条。我们还生产和销售数十种面条。', '長尾中華そばの麺は国産小麦を中心に数十種類の粉を常備して麺、スープの種類により独自に配合、煮干しの風味を壊さぬように無かんすい麺を中心に使用しております。2022年9月、オープンからお世話になっていた製麺所からの仕入れをやめ、自家製麺と向き合うこと事と致しました。また数十種類の麺を製造し外販も行っております。', 'https://www.itcocreation.cc/ckapi/management/shop-pic/3d22a6d0-1a81-4da2-8579-dfb38f6c6d21.jpg,https://www.itcocreation.cc/ckapi/management/shop-pic/02730693-85ea-4551-90b4-06d0618953e4.jpg,https://www.itcocreation.cc/ckapi/management/shop-pic/fe9b5c56-44ef-4369-acd8-44bbc9b3f1d5.jpg,https://www.itcocreation.cc/ckapi/management/shop-pic/e577b8a5-8c7a-4b37-8e1f-5e1ae86b06c3.jpg,https://www.itcocreation.cc/ckapi/management/shop-pic/380773f1-fd67-4604-a3a6-e49a72a27c22.jpg', 'https://www.itcocreation.cc/ckapi/management/shop-contact/030616b2-25cb-4559-83ff-25781b97feba.png', '味道好,服务差,环境差,食材新鲜,价格偏高,性价比低', '味が良い,サービスが悪い,環境が悪い,食材が新鮮,値段が高い,コスパが悪い', 'Delicious,Poorservice,Poorenvironment,Freshingredients,Expensive,Lowvalueformoney', '2024-10-30 19:20:10.537817', 'テスト店舗5', 0, 0xC020638E69202090D92320203E208EA2, '2024-10-30 15:16:17.994481', 0xC020638E69202090D92320203E208EA2, '2024-10-30 19:20:10.537817');
INSERT INTO tbl4_shop (shop_id, shop_name_cn, shop_name_jp, shop_desc_cn, shop_desc_jp, category_id, shop_addr_class1, shop_addr_class2, shop_addr_cn, shop_addr_jp, shop_addr_lat, shop_addr_lng, area_id, shop_expense_from, shop_expense_to, shop_contact, shop_workday_cn, shop_workday_jp, shop_worktime1_from, shop_worktime1_to, shop_worktime2_from, shop_worktime2_to, shop_detail_1_cn, shop_detail_1_jp, shop_pics, shop_contact_qrcode, shop_tag_cn, shop_tag_jp, shop_tag_eng, tag_update_at, shop_note, shop_status, shop_create_by, shop_create_at, shop_update_by, shop_update_at) VALUES(6, '大田屋 饺子酒厂', '餃子 酒場 大田屋', '我们的座右铭是“快速、便宜、美味”！', '「早い安い美味い」がモットー！', 4, 13, 101, '内神田3-18-7 カトレアビル1F', '内神田3-18-7 カトレアビル1F', 35.69217600, 139.77048300, 1, 2000, 2999, '050-5868-5836', '无定休日', '定休日なし', '17:00:00', '23:30:59', NULL, NULL, '【距离神田站1分钟】手工饺子和酒的单点菜肴。饺子每盘280日元，营业至次日5:00
我们每天精心手工制作各种饺子，从标准的“烤饺子”到独特的品种，如“梅子紫苏饺子”、“奶油炖饺子”和“大蒜饺子”。还有特制的柚子酱，清爽提味。还有“炖牛筋”、“极品鸡肉荞麦面”等单点菜肴，请一定要品尝一下其他菜单上的菜品除了饺子之外。神田站就到！我们营业到第二天凌晨5点！所有商品均可外卖！即使只是喝一杯，也请随时光临。', '【神田駅1分】手作り餃子とお酒のすすむ一品料理。餃子は1皿280円〜翌5時まで営業
定番の「焼き餃子」から、「梅じそ餃子」「クリームシチュー餃子」「にんにく餃子」といった変わり種まで、多彩な餃子を毎日丁寧に手作りしています。特製ポン酢もあり、さっぱりと食べられます♪「牛スジ煮込み」「究極の鶏そば」など一品料理も充実しているので、餃子以外のメニューもぜひ楽しんでください。神田駅スグ！翌5時まで元気に営業中！全品テイクアウト可能です！気軽に一杯だけでもお気軽にお立ち寄りください', 'https://www.itcocreation.cc/ckapi/management/shop-pic/8db25eb7-b0f9-43d7-9272-69001bbf51c3.jpg,https://www.itcocreation.cc/ckapi/management/shop-pic/bf08d29a-7202-43ec-af1b-2173f43a8b73.jpg,https://www.itcocreation.cc/ckapi/management/shop-pic/5cc9c098-56ec-4103-89bd-baee3f668c81.jpg', 'https://www.itcocreation.cc/ckapi/management/shop-contact/cfe6bbe7-9a6a-4c37-a9d6-76c9c4a16aa6.png', '味道鲜美,服务态度,环境卫生,价格偏高,食材新鲜,体验很棒', '味が美味しい,サービス態度,店の清潔感,価格が高い,食材が新鮮,素晴らしい体験', 'DeliciousFlavor,ServiceAttitude,Cleanliness,HighPrice,FreshIngredients,GreatExperience', '2024-10-30 19:27:49.628463', 'テスト店舗6', 0, 0xC020638E69202090D92320203E208EA2, '2024-10-30 15:29:36.555187', 0xC020638E69202090D92320203E208EA2, '2024-10-30 19:27:49.628463');
INSERT INTO tbl4_shop (shop_id, shop_name_cn, shop_name_jp, shop_desc_cn, shop_desc_jp, category_id, shop_addr_class1, shop_addr_class2, shop_addr_cn, shop_addr_jp, shop_addr_lat, shop_addr_lng, area_id, shop_expense_from, shop_expense_to, shop_contact, shop_workday_cn, shop_workday_jp, shop_worktime1_from, shop_worktime1_to, shop_worktime2_from, shop_worktime2_to, shop_detail_1_cn, shop_detail_1_jp, shop_pics, shop_contact_qrcode, shop_tag_cn, shop_tag_jp, shop_tag_eng, tag_update_at, shop_note, shop_status, shop_create_by, shop_create_at, shop_update_by, shop_update_at) VALUES(7, '蒙古药膳涮肉火锅银座店', 'モンゴル薬膳しゃぶしゃぶ小尾羊 銀座店', '无限畅饮/无限畅饮/居酒屋/火锅', '飲み放題/食べ放題/居酒屋/鍋', 1, 13, 102, '銀座8-9-15 ジュエルボックス銀座　10F', '銀座8-9-15 ジュエルボックス銀座　10F', 35.66795300, 139.76178800, 2, 4000, 4999, '050-5868-2503', '1月1日〜1月2日', '1月1日〜1月2日', '11:30:00', '15:00:59', '17:00:00', '23:00:59', '【包间/半包间全席】特色药膳火锅和精致中餐◆人气自助餐3,980日元起，可欣赏银座夜景
无论什么季节都可以享用的“三味药膳火锅”，可以从9种汤中选择3种。约68种中草药熬成的汤可以直接饮用，严选的食材将为您提供充足的营养和健康。 在套餐上再加1,408日元，一定要尝尝用稀有蘑菇或火锅小菜代替的方案，或者女性也容易喝的“银座三丁目酸酒”。适应各种场合，从小型团体到大型团体，我们都在这样做。', '【全席個室/半個室】こだわり薬膳火鍋と逸品中華◆人気の食べ放題は3,980円～銀座の夜景を
シーズンを問わなく楽しめる「三味薬膳火鍋」は、なんと9種類のスープから3つをお選びいただけます。約68種類の漢方薬を使用したスープをそのまま飲んでいただけ、厳選した食材でたっぷりと栄養と健康をお届けします。
コースにプラス1,408円で、珍しいキノコや鍋肴をお代わりできるプランや、女性にも飲みやすい「銀座３丁目サワー」などもぜひ◎店内は少人数から団体様のご宴会まで、幅広いシーンに対応しております。', 'https://www.itcocreation.cc/ckapi/management/shop-pic/7b74930b-a28b-4f8e-9fc1-b0abf80ed2b8.jpg,https://www.itcocreation.cc/ckapi/management/shop-pic/d4b9a7e2-766b-4763-8c4a-49bf28605c03.jpg,https://www.itcocreation.cc/ckapi/management/shop-pic/3809ebf2-3ed9-45e9-969d-9d19c25d3ddc.jpg,https://www.itcocreation.cc/ckapi/management/shop-pic/29cb896f-b95d-4802-bef0-f3e259bbd5cc.jpg', 'https://www.itcocreation.cc/ckapi/management/shop-contact/70b08db9-c608-4f90-9f09-84a50af0a09d.png', '北京烤鸭美味,皮脆肉嫩,服务一般,价格偏高,环境一般,菜品一般', '北京ダックが美味しい,皮がパリパリ,サービスが普通,値段が高い,店の雰囲気が良くない,サイドメニューの質が低い', 'DeliciousPekingDuck,CrispySkin,AverageService,HighPrice,AverageEnvironment,AverageSideDishes', '2024-10-30 19:09:47.483056', 'テスト店舗7', 0, 0xC020638E69202090D92320203E208EA2, '2024-10-30 16:04:51.844541', 0xC020638E69202090D92320203E208EA2, '2024-10-30 19:09:47.483056');
INSERT INTO tbl4_shop (shop_id, shop_name_cn, shop_name_jp, shop_desc_cn, shop_desc_jp, category_id, shop_addr_class1, shop_addr_class2, shop_addr_cn, shop_addr_jp, shop_addr_lat, shop_addr_lng, area_id, shop_expense_from, shop_expense_to, shop_contact, shop_workday_cn, shop_workday_jp, shop_worktime1_from, shop_worktime1_to, shop_worktime2_from, shop_worktime2_to, shop_detail_1_cn, shop_detail_1_jp, shop_pics, shop_contact_qrcode, shop_tag_cn, shop_tag_jp, shop_tag_eng, tag_update_at, shop_note, shop_status, shop_create_by, shop_create_at, shop_update_by, shop_update_at) VALUES(8, '秀苑天', '秀苑天', '日本第一的宫崎牛肉专卖店', '生肉も食べられる日本一宮崎牛一頭買専門店', 2, 13, 103, '新橋3-14-5 S''TEC3 5F', '新橋3-14-5 S''TEC3 5F', 35.66544700, 139.75617300, 2, 6000, 7999, '050-5869-6528', '12月31日〜1月3日', '12月31日〜1月3日', '11:00:00', '14:00:59', '17:00:00', '23:30:59', '船园是东京唯一能买到日本最好的宫崎牛肉的地方！所有生肉中品质最高的
◆酒园提供的不仅仅是烤肉的味道，还有舒适的氛围和服务，以及用餐的享受。 这就是舒恩美味的秘诀。 ◆【Yukhoe终于发布了！ ] 我们已经通过了基于食品卫生法的严格标准，并已获得港区保健中心的批准，可以提供生肉。我们店不但有《烹饪许可证》，还有《加工许可证》。请享受我们更新鲜、更美味、更安全的“生”菜单。', '日本一宮崎牛を本当の一頭買いで食べれるのは東京で秀苑だけ！全てのお肉を生で頂ける最高の品質
◆秀苑は皆様に焼き肉を通して味はもちろん、 雰囲気・サービスによる心地よさ、そして食事の楽しさをご提供いたします。 それが、秀苑の美味しさの秘密です。◆【ユッケついに解禁！】食品衛生法に基づく厳しい基準に合格し、港区保健所から生食肉の提供を認可されました。当店は「調理認可」だけでなく「加工認可」も取得。より新鮮でよりおいしく、安全に提供できる「生」メニューをご堪能ください。', 'https://www.itcocreation.cc/ckapi/management/shop-pic/1d07d131-fb5f-43d9-8ab7-05f55ab7e723.jpg,https://www.itcocreation.cc/ckapi/management/shop-pic/830732de-ca41-46f1-9c2a-383af4e8416f.jpg,https://www.itcocreation.cc/ckapi/management/shop-pic/f3f9dafc-660c-4ac8-851a-e76d38426a63.jpg,https://www.itcocreation.cc/ckapi/management/shop-pic/e6e9e9e2-4112-4dbd-a66b-9c2f5ffd8efa.jpg,https://www.itcocreation.cc/ckapi/management/shop-pic/bc5ef1e4-4ab0-4d71-a888-825d370b13da.jpg', 'https://www.itcocreation.cc/ckapi/management/shop-contact/e12a31d6-4af6-4583-96f9-0042d4383e35.png', '菜品美味,服务周到,环境一般,价格偏高,等待时间长,体验不佳', '料理が美味しい,サービスが良い,環境が普通,値段が高い,待ち時間が長い,体験が悪い', 'DeliciousFood,ExcellentService,AverageEnvironment,HighPrice,LongWaitingTime,PoorExperience', '2024-10-30 19:13:41.284594', 'テスト店舗8', 0, 0xC020638E69202090D92320203E208EA2, '2024-10-30 16:22:15.259943', 0xC020638E69202090D92320203E208EA2, '2024-10-30 19:13:41.284594');
INSERT INTO tbl4_shop (shop_id, shop_name_cn, shop_name_jp, shop_desc_cn, shop_desc_jp, category_id, shop_addr_class1, shop_addr_class2, shop_addr_cn, shop_addr_jp, shop_addr_lat, shop_addr_lng, area_id, shop_expense_from, shop_expense_to, shop_contact, shop_workday_cn, shop_workday_jp, shop_worktime1_from, shop_worktime1_to, shop_worktime2_from, shop_worktime2_to, shop_detail_1_cn, shop_detail_1_jp, shop_pics, shop_contact_qrcode, shop_tag_cn, shop_tag_jp, shop_tag_eng, tag_update_at, shop_note, shop_status, shop_create_by, shop_create_at, shop_update_by, shop_update_at) VALUES(9, '长安刀削面', '長安刀削麺', '我们提供剑切面和正宗的中国菜', '刀削麵と本格中華をご提供', 3, 13, 103, '西新橋1-21-8 弁護士ビル　１０２', '西新橋1-21-8 弁護士ビル　１０２', 35.66781000, 139.75204000, 2, 2000, 2999, '050-5590-7240', '周末&节假日', '土曜日、日曜日、祝日', '11:00:00', '15:00:59', '17:00:00', '23:00:59', '距离虎之门站4分钟◆享受由正宗中国厨师烹制的剑切面和正宗中国菜！还为团体提供全套宴会课程。
顾名思义，特色菜是中国厨师做的“刀削面”。面团由天然小麦粉手工制成，然后经过专业的刨削和煮沸，以形成独特的质地。还推荐“药膳火锅”，您可以在这里享用独特的药材和香料制成的秘制汤。◎还有宴会套餐和自助餐选择，您可以在这里享受到丰富的正宗中国美食，比如虾辣椒和麻婆豆腐。宽敞的内部空间可以容纳朋友聚会、公司宴会、团体聚会！请放心使用。', '虎ノ門駅4分◆中国本場の料理人が手掛ける刀削麵と本格中華を堪能！宴会コース充実で団体様も◎
店名の通り、名物は中国人シェフが作る「刀削麺」。天然の小麦粉から手作りの生地を職人技で削って茹で上げ、独特の食感を生み出しています。独自調合の薬膳とスパイスを使った秘伝のスープで味わう「薬膳火鍋」もおすすめ◎エビチリや麻婆豆腐など、本格中華をたっぷり楽しめる飲み放題付き宴会コースや食べ放題もご用意しています。広々とした店内は、仲間との飲み会や会社宴会、団体様でも対応可能！ぜひご利用ください。', 'https://www.itcocreation.cc/ckapi/management/shop-pic/ecb1ecc6-50c0-4a85-b2a9-61512e03fac9.jpg,https://www.itcocreation.cc/ckapi/management/shop-pic/9e4d5112-0ac2-4b44-bdee-808de34b1aef.jpg,https://www.itcocreation.cc/ckapi/management/shop-pic/a70d7507-974c-4764-9429-83a8d5c69fc6.jpg', 'https://www.itcocreation.cc/ckapi/management/shop-contact/c2ac1fa4-0cef-449f-aa18-bc6238bd445d.png', '精致美味,服务周到,环境一般,价格偏高,等待时间长,质量下降', '精致な美味しさ,行き届いたサービス,普通な環境,価格が高め,待ち時間が長い,品質の低下', 'ExquisiteDelicacies,AttentiveService,AverageEnvironment,HighPrices,LongWaitTimes,QualityDecline', '2024-10-30 19:20:33.046312', 'テスト店舗9', 0, 0xC020638E69202090D92320203E208EA2, '2024-10-30 17:53:28.377567', 0xC020638E69202090D92320203E208EA2, '2024-10-30 19:20:33.046312');
INSERT INTO tbl4_shop (shop_id, shop_name_cn, shop_name_jp, shop_desc_cn, shop_desc_jp, category_id, shop_addr_class1, shop_addr_class2, shop_addr_cn, shop_addr_jp, shop_addr_lat, shop_addr_lng, area_id, shop_expense_from, shop_expense_to, shop_contact, shop_workday_cn, shop_workday_jp, shop_worktime1_from, shop_worktime1_to, shop_worktime2_from, shop_worktime2_to, shop_detail_1_cn, shop_detail_1_jp, shop_pics, shop_contact_qrcode, shop_tag_cn, shop_tag_jp, shop_tag_eng, tag_update_at, shop_note, shop_status, shop_create_by, shop_create_at, shop_update_by, shop_update_at) VALUES(10, 'NO.1 烤肉荷尔蒙上野', 'NO.1 焼肉ホルモン 上野', '超过160种菜品任吃！', '160品以上が食べ放題！', 2, 13, 106, '上野4-2-5 3F', '上野4-2-5 3F', 35.70834400, 139.77401100, 3, 3000, 3999, '050-5594-4027', '无定休日', 'なし', '00:00:00', '23:59:59', NULL, NULL, '【距离御徒町站2分钟】以优质黑毛和牛烤肉为首，种类丰富的自助餐！ 3,278 日元起
在本店，您可以尽情享用种类丰富的烤肉！从合理的价格到豪华的套餐，您可以根据自己的需要进行选择。◎自助餐菜单包括160种菜肴，包括标准套餐、流行的裙子牛排、小排骨和tsutsuzuki系列，以及精加工触摸和甜点。我们还推荐您可以享用黑毛和牛、海鲜甚至螃蟹的特别套餐。在我们的半私人房间里与同事和朋友尽情享用优质肉类！', '【御徒町駅2分】上質な黒毛和牛焼肉をはじめ、豊富なメニューが食べ放題！3,278円～
当店では、幅広い種類の焼肉を食べ放題でお楽しみいただけます！リーズナブルな価格から豪華コースまで、ニーズに合わせて選択可能◎スタンダードコースでも人気のハラミやカルビ、壺付けシリーズなど160品のメニューが食べ放題で、〆やデザートもご用意しています。黒毛和牛や海鮮、カニまで堪能できる特選スペシャルコースもおすすめ。半個室を備えた店内で、お仕事仲間や友人同士と上質なお肉を存分にご堪能ください！', 'https://www.itcocreation.cc/ckapi/management/shop-pic/40c87504-ecd6-41e5-a978-ed96a1d39948.jpg,https://www.itcocreation.cc/ckapi/management/shop-pic/2f60a308-669a-47e1-8c8e-1903ae2e5671.jpg,https://www.itcocreation.cc/ckapi/management/shop-pic/482d5d3d-0901-42af-8ace-35ebbece4ed4.jpg,https://www.itcocreation.cc/ckapi/management/shop-pic/db5ec8a8-c595-492d-a637-050ba85dca05.jpg,https://www.itcocreation.cc/ckapi/management/shop-pic/da0cbdf4-a0d5-43ea-a0c1-4bcb068137e0.jpg', 'https://www.itcocreation.cc/ckapi/management/shop-contact/9c8b56f8-cf39-4e2e-9040-5ace0849c6fa.png', '口味正宗,服务态度,食材新鲜,性价比,环境优雅,用餐体验', '本場の味,サービス態度,食材が新鮮,コスパ,雰囲気が良い,食事体験', 'AuthenticFlavor,ServiceAttitude,FreshIngredients,Price-performanceratio,ElegantAmbiance,DiningExperience', '2024-10-30 19:14:12.240047', 'テスト店舗10', 0, 0xC020638E69202090D92320203E208EA2, '2024-10-30 18:07:58.992627', 0xC020638E69202090D92320203E208EA2, '2024-10-30 19:14:12.240047');
INSERT INTO tbl4_shop (shop_id, shop_name_cn, shop_name_jp, shop_desc_cn, shop_desc_jp, category_id, shop_addr_class1, shop_addr_class2, shop_addr_cn, shop_addr_jp, shop_addr_lat, shop_addr_lng, area_id, shop_expense_from, shop_expense_to, shop_contact, shop_workday_cn, shop_workday_jp, shop_worktime1_from, shop_worktime1_to, shop_worktime2_from, shop_worktime2_to, shop_detail_1_cn, shop_detail_1_jp, shop_pics, shop_contact_qrcode, shop_tag_cn, shop_tag_jp, shop_tag_eng, tag_update_at, shop_note, shop_status, shop_create_by, shop_create_at, shop_update_by, shop_update_at) VALUES(11, 'Mendokoro花田上野店', '麺処 花田 上野店', '大酱汤拉面', '味噌ラーメン', 3, 13, 106, '上野6-8-6 上野メガネセンタービル 1F', '上野6-8-6 上野メガネセンタービル 1F', 35.70941300, 139.77557200, 3, 0, 999, '050-5594-4943', '星期二', '火曜日', '11:00:00', '22:30:59', NULL, NULL, '[上野味噌拉面]
松脆的面条与浓郁的味噌汤完美搭配。', '【上野 味噌ラーメン】
シッカリとした歯応えの麺は濃厚味噌スープと相性抜群です。', 'https://www.itcocreation.cc/ckapi/management/shop-pic/45351b27-b73d-4761-a4d1-486dd6e4cdb0.jpg,https://www.itcocreation.cc/ckapi/management/shop-pic/776b42cc-5688-47c4-a285-bf431d58b2af.jpg,https://www.itcocreation.cc/ckapi/management/shop-pic/2f4b6d22-f028-439c-910c-722893e251a7.jpg', 'https://www.itcocreation.cc/ckapi/management/shop-contact/d8477752-2481-4be8-b677-4c00de288600.png', '菜品美味,服务周到,环境舒适,性价比高,服务欠佳,菜品质量差', '料理が美味しい,サービスが良い,環境が良い,コスパが良い,サービスが悪い,料理の質が悪い', 'DeliciousFood,ExcellentService,ComfortableEnvironment,GoodValueforMoney,PoorService,PoorQualityFood', '2024-10-30 19:20:54.410379', 'テスト店舗11', 0, 0xC020638E69202090D92320203E208EA2, '2024-10-30 18:20:53.904228', 0xC020638E69202090D92320203E208EA2, '2024-10-30 19:20:54.410379');
INSERT INTO tbl4_shop (shop_id, shop_name_cn, shop_name_jp, shop_desc_cn, shop_desc_jp, category_id, shop_addr_class1, shop_addr_class2, shop_addr_cn, shop_addr_jp, shop_addr_lat, shop_addr_lng, area_id, shop_expense_from, shop_expense_to, shop_contact, shop_workday_cn, shop_workday_jp, shop_worktime1_from, shop_worktime1_to, shop_worktime2_from, shop_worktime2_to, shop_detail_1_cn, shop_detail_1_jp, shop_pics, shop_contact_qrcode, shop_tag_cn, shop_tag_jp, shop_tag_eng, tag_update_at, shop_note, shop_status, shop_create_by, shop_create_at, shop_update_by, shop_update_at) VALUES(12, '马先生饺子酒场 上野店', '馬さん餃子酒場 上野店', '122种中餐、80种饮品畅饮', '中華122種&ドリンク80種食べ飲み放題', 4, 13, 106, '上野6-7-2 栄ビル 2F', '上野6-7-2 栄ビル 2F', 35.70904500, 139.77597000, 3, 2000, 2999, '050-5457-6954', '无定休日', '定休日なし', '11:00:00', '23:30:59', NULL, NULL, '上野3分钟◆有吉研讨会登场！正宗中国菜任吃◎ 鱼翅和北京烤鸭套餐◎ 
★11月21日（星期一）19:00～“有吉研讨会”公演！ ★ 11月28日～29日期间在电视上播出的菜单“30饺子！Giga-mori Ankake Yakisoba”现已开始接受预订。时间限制：50 分钟。如果一个人吃完的话，还是免费的！剩下的食物将收取7,700日元。 您可以以合理的价格享用正宗的中国美食，从我们的招牌菜单“特制炸饺子”到“水煮饺子”，共有 16 种饺子。 10月1日起改成朝日啤酒！', '上野3分◆有吉ゼミ出演！本格中華を食べ飲み放題で◎フカヒレや北京ダックが楽しめるコースも◎
★11/21(月)19時〜「有吉ゼミ」出演！★
TV内で放送されたメニュー「餃子30個！ギガ盛りあんかけやきそば」11/28、29限定で予約受付中。制限時間50分。1人で食べきったら無料！食べ残しは7,700円頂戴致します。

看板メニューの「特製焼き餃子」から「水餃子」まで、全16種類の餃子メニューを中心に本格中華料理をお手頃価格でお楽しみいただけます。

10/1からアサヒビールに変わります！', 'https://www.itcocreation.cc/ckapi/management/shop-pic/3c7b2e44-281a-489e-9ca6-3cad11989046.jpg,https://www.itcocreation.cc/ckapi/management/shop-pic/4fb0d547-177f-46bd-a4d4-2db6109cbdb7.jpg,https://www.itcocreation.cc/ckapi/management/shop-pic/6a93ba43-b5a6-4ed3-b536-e0f31dc0298c.jpg', 'https://www.itcocreation.cc/ckapi/management/shop-contact/f7184541-d973-400e-bb9c-01d8827ea711.png', '美味佳肴,服务周到,环境舒适,香港风味,性价比高,体验不佳', '美味しい料理,サービスが良い,雰囲気の良い,香港風味が楽しめる,コスパが良い,良くない体験', 'DeliciousFood,ExcellentService,PleasantAtmosphere,AuthenticHongKongCuisine,GoodValueforMoney,UnsatisfactoryExperience', '2024-10-30 19:28:13.439134', 'テスト店舗12', 0, 0xC020638E69202090D92320203E208EA2, '2024-10-30 18:56:09.704737', 0xC020638E69202090D92320203E208EA2, '2024-10-30 19:28:13.439134');
-- tbl5_platform_user
truncate table tbl5_platform_user;
INSERT INTO tbl5_platform_user (user_id, user_email, user_username, user_nickname, user_password, user_role, user_status, user_country, user_addr_class1, user_addr_class2, user_gender, user_birthdate, user_hobby, user_create_by, user_create_at, user_update_by, user_update_at) VALUES(0x202020204F204ADEB5B8202020202020, 'test51@test.com', 'test51@test.com', 'テストユーザー51', '$2a$10$wnv1o2I74gDrjKaNTU2nDubyazVMooGn42arBYinHS5/vudVsW9IS', 'USER', 0, 83, 13, 224, 1, '1999-01-10', '1,8', 0x202020204F204AA1CAC7202020202020, '2024-10-30 18:00:00.666666', 0x202020204F204AA1CAC7202020202020, '2024-10-30 18:00:00.666666');
INSERT INTO tbl5_platform_user (user_id, user_email, user_username, user_nickname, user_password, user_role, user_status, user_country, user_addr_class1, user_addr_class2, user_gender, user_birthdate, user_hobby, user_create_by, user_create_at, user_update_by, user_update_at) VALUES(0x2020202120C84520A2202020AE202020, 'test17@test.com', 'test17@test.com', 'テストユーザー17', '$2a$10$wnv1o2I74gDrjKaNTU2nDubyazVMooGn42arBYinHS5/vudVsW9IS', 'USER', 0, 83, 13, 224, 1, '1999-01-10', '1,8', 0x2020202120B74520DD202020D1202020, '2024-10-30 18:00:00.666666', 0x2020202120B74520DD202020D1202020, '2024-10-30 18:00:00.666666');
INSERT INTO tbl5_platform_user (user_id, user_email, user_username, user_nickname, user_password, user_role, user_status, user_country, user_addr_class1, user_addr_class2, user_gender, user_birthdate, user_hobby, user_create_by, user_create_at, user_update_by, user_update_at) VALUES(0x202065BC20CF4A2020DB20A920206B4E, 'test94@test.com', 'test94@test.com', 'テストユーザー94', '$2a$10$wnv1o2I74gDrjKaNTU2nDubyazVMooGn42arBYinHS5/vudVsW9IS', 'USER', 0, 83, 13, 224, 1, '1999-01-10', '1,8', 0x202065C320B04A2020A420D620206B4E, '2024-10-30 18:00:00.666666', 0x202065C320B04A2020A420D620206B4E, '2024-10-30 18:00:00.666666');
INSERT INTO tbl5_platform_user (user_id, user_email, user_username, user_nickname, user_password, user_role, user_status, user_country, user_addr_class1, user_addr_class2, user_gender, user_birthdate, user_hobby, user_create_by, user_create_at, user_update_by, user_update_at) VALUES(0x202020B531204F222075A6B7D3782020, 'test31@test.com', 'test31@test.com', 'テストユーザー31', '$2a$10$wnv1o2I74gDrjKaNTU2nDubyazVMooGn42arBYinHS5/vudVsW9IS', 'USER', 0, 83, 13, 224, 1, '1999-01-10', '1,8', 0x202020CA31204F222075D9C8AC782020, '2024-10-30 18:00:00.666666', 0x202020CA31204F222075D9C8AC782020, '2024-10-30 18:00:00.666666');
INSERT INTO tbl5_platform_user (user_id, user_email, user_username, user_nickname, user_password, user_role, user_status, user_country, user_addr_class1, user_addr_class2, user_gender, user_birthdate, user_hobby, user_create_by, user_create_at, user_update_by, user_update_at) VALUES(0x20383B204F202020D92320203E2020A2, 'test2@test.com', 'test2@test.com', 'テストユーザー2', '$2a$10$wnv1o2I74gDrjKaNTU2nDubyazVMooGn42arBYinHS5/vudVsW9IS', 'USER', 0, 35, NULL, NULL, 1, '1991-01-02', '2', 0x20383B204F202020A62320203E2020DD, '2024-10-30 18:00:00.666666', 0x20383B204F202020A62320203E2020DD, '2024-10-30 18:00:00.666666');
INSERT INTO tbl5_platform_user (user_id, user_email, user_username, user_nickname, user_password, user_role, user_status, user_country, user_addr_class1, user_addr_class2, user_gender, user_birthdate, user_hobby, user_create_by, user_create_at, user_update_by, user_update_at) VALUES(0x203841204F202020D92320203E2020A2, 'test3@test.com', 'test3@test.com', 'テストユーザー3', '$2a$10$wnv1o2I74gDrjKaNTU2nDubyazVMooGn42arBYinHS5/vudVsW9IS', 'USER', 0, 89, NULL, NULL, 0, '1992-01-03', '2,6,8', 0x203841204F202020A62320203E2020DD, '2024-10-30 18:00:00.666666', 0x203841204F202020A62320203E2020DD, '2024-10-30 18:00:00.666666');
INSERT INTO tbl5_platform_user (user_id, user_email, user_username, user_nickname, user_password, user_role, user_status, user_country, user_addr_class1, user_addr_class2, user_gender, user_birthdate, user_hobby, user_create_by, user_create_at, user_update_by, user_update_at) VALUES(0x203843DA4F202020D92320203E2020A2, 'test4@test.com', 'test4@test.com', 'テストユーザー4', '$2a$10$wnv1o2I74gDrjKaNTU2nDubyazVMooGn42arBYinHS5/vudVsW9IS', 'USER', 0, 185, NULL, NULL, 1, '1993-01-04', '3,5', 0x203843A54F202020A62320203E2020DD, '2024-10-30 18:00:00.666666', 0x203843A54F202020A62320203E2020DD, '2024-10-30 18:00:00.666666');
INSERT INTO tbl5_platform_user (user_id, user_email, user_username, user_nickname, user_password, user_role, user_status, user_country, user_addr_class1, user_addr_class2, user_gender, user_birthdate, user_hobby, user_create_by, user_create_at, user_update_by, user_update_at) VALUES(0x203844324F202020D92320203E2020A2, 'test5@test.com', 'test5@test.com', 'テストユーザー5', '$2a$10$wnv1o2I74gDrjKaNTU2nDubyazVMooGn42arBYinHS5/vudVsW9IS', 'USER', 0, 131, 14, 201, 0, '1994-01-05', '1,3,4,7,8', 0x203844324F202020A62320203E2020DD, '2024-10-30 18:00:00.666666', 0x203844324F202020A62320203E2020DD, '2024-10-30 18:00:00.666666');
INSERT INTO tbl5_platform_user (user_id, user_email, user_username, user_nickname, user_password, user_role, user_status, user_country, user_addr_class1, user_addr_class2, user_gender, user_birthdate, user_hobby, user_create_by, user_create_at, user_update_by, user_update_at) VALUES(0x203844BD4F202020D92320203E2020A2, 'test6@test.com', 'test6@test.com', 'テストユーザー6', '$2a$10$wnv1o2I74gDrjKaNTU2nDubyazVMooGn42arBYinHS5/vudVsW9IS', 'USER', 0, 83, 13, 101, 1, '1995-01-06', '1,2,3,4,5,6,7,8', 0x203844C24F202020A62320203E2020DD, '2024-10-30 18:00:00.666666', 0x203844C24F202020A62320203E2020DD, '2024-10-30 18:00:00.666666');
INSERT INTO tbl5_platform_user (user_id, user_email, user_username, user_nickname, user_password, user_role, user_status, user_country, user_addr_class1, user_addr_class2, user_gender, user_birthdate, user_hobby, user_create_by, user_create_at, user_update_by, user_update_at) VALUES(0x203845204F202020D92320203E2020A2, 'test8@test.com', 'test8@test.com', 'テストユーザー8', '$2a$10$wnv1o2I74gDrjKaNTU2nDubyazVMooGn42arBYinHS5/vudVsW9IS', 'USER', 0, 83, 13, 120, 1, '1997-01-08', '4,5,6', 0x203845204F202020A62320203E2020DD, '2024-10-30 18:00:00.666666', 0x203845204F202020A62320203E2020DD, '2024-10-30 18:00:00.666666');
INSERT INTO tbl5_platform_user (user_id, user_email, user_username, user_nickname, user_password, user_role, user_status, user_country, user_addr_class1, user_addr_class2, user_gender, user_birthdate, user_hobby, user_create_by, user_create_at, user_update_by, user_update_at) VALUES(0x203845494F202020D92320203E2020A2, 'test7@test.com', 'test7@test.com', 'テストユーザー7', '$2a$10$wnv1o2I74gDrjKaNTU2nDubyazVMooGn42arBYinHS5/vudVsW9IS', 'USER', 0, 83, 13, 102, 0, '1996-01-07', '3,8', 0x203845494F202020A62320203E2020DD, '2024-10-30 18:00:00.666666', 0x203845494F202020A62320203E2020DD, '2024-10-30 18:00:00.666666');
INSERT INTO tbl5_platform_user (user_id, user_email, user_username, user_nickname, user_password, user_role, user_status, user_country, user_addr_class1, user_addr_class2, user_gender, user_birthdate, user_hobby, user_create_by, user_create_at, user_update_by, user_update_at) VALUES(0x203846204F202020D92320203E2020A2, 'test9@test.com', 'test9@test.com', 'テストユーザー9', '$2a$10$wnv1o2I74gDrjKaNTU2nDubyazVMooGn42arBYinHS5/vudVsW9IS', 'USER', 0, 83, 13, 209, 0, '1998-01-09', '8', 0x203846204F202020A62320203E2020DD, '2024-10-30 18:00:00.666666', 0x203846204F202020A62320203E2020DD, '2024-10-30 18:00:00.666666');
INSERT INTO tbl5_platform_user (user_id, user_email, user_username, user_nickname, user_password, user_role, user_status, user_country, user_addr_class1, user_addr_class2, user_gender, user_birthdate, user_hobby, user_create_by, user_create_at, user_update_by, user_update_at) VALUES(0x203847204F202020D92320203E2020A2, 'test10@test.com', 'test10@test.com', 'テストユーザー10', '$2a$10$wnv1o2I74gDrjKaNTU2nDubyazVMooGn42arBYinHS5/vudVsW9IS', 'USER', 0, 83, 13, 224, 1, '1999-01-10', '1,8', 0x203847204F202020A62320203E2020DD, '2024-10-30 18:00:00.666666', 0x203847204F202020A62320203E2020DD, '2024-10-30 18:00:00.666666');
INSERT INTO tbl5_platform_user (user_id, user_email, user_username, user_nickname, user_password, user_role, user_status, user_country, user_addr_class1, user_addr_class2, user_gender, user_birthdate, user_hobby, user_create_by, user_create_at, user_update_by, user_update_at) VALUES(0x203F342020DD43BC2078203A5678D143, 'test77@test.com', 'test77@test.com', 'テストユーザー77', '$2a$10$wnv1o2I74gDrjKaNTU2nDubyazVMooGn42arBYinHS5/vudVsW9IS', 'USER', 0, 83, 13, 224, 1, '1999-01-10', '1,8', 0x203F342020A243C32078203A5678AE43, '2024-10-30 18:00:00.666666', 0x203F342020A243C32078203A5678AE43, '2024-10-30 18:00:00.666666');
INSERT INTO tbl5_platform_user (user_id, user_email, user_username, user_nickname, user_password, user_role, user_status, user_country, user_addr_class1, user_addr_class2, user_gender, user_birthdate, user_hobby, user_create_by, user_create_at, user_update_by, user_update_at) VALUES(0x2055202020204AC1B52060CBB3206220, 'test60@test.com', 'test60@test.com', 'テストユーザー60', '$2a$10$wnv1o2I74gDrjKaNTU2nDubyazVMooGn42arBYinHS5/vudVsW9IS', 'USER', 0, 83, 13, 224, 1, '1999-01-10', '1,8', 0x2055202020204ABECA2060B4CC206220, '2024-10-30 18:00:00.666666', 0x2055202020204ABECA2060B4CC206220, '2024-10-30 18:00:00.666666');
INSERT INTO tbl5_platform_user (user_id, user_email, user_username, user_nickname, user_password, user_role, user_status, user_country, user_addr_class1, user_addr_class2, user_gender, user_birthdate, user_hobby, user_create_by, user_create_at, user_update_by, user_update_at) VALUES(0x2064206C68384AB9A920202038204020, 'test90@test.com', 'test90@test.com', 'テストユーザー90', '$2a$10$wnv1o2I74gDrjKaNTU2nDubyazVMooGn42arBYinHS5/vudVsW9IS', 'USER', 0, 83, 13, 224, 1, '1999-01-10', '1,8', 0x2064206C68384AC6D620202038204020, '2024-10-30 18:00:00.666666', 0x2064206C68384AC6D620202038204020, '2024-10-30 18:00:00.666666');
INSERT INTO tbl5_platform_user (user_id, user_email, user_username, user_nickname, user_password, user_role, user_status, user_country, user_addr_class1, user_addr_class2, user_gender, user_birthdate, user_hobby, user_create_by, user_create_at, user_update_by, user_update_at) VALUES(0x206676202031464BA1202220792F206B, 'test74@test.com', 'test74@test.com', 'テストユーザー74', '$2a$10$wnv1o2I74gDrjKaNTU2nDubyazVMooGn42arBYinHS5/vudVsW9IS', 'USER', 0, 83, 13, 224, 1, '1999-01-10', '1,8', 0x206676202031464BDE202220792F206B, '2024-10-30 18:00:00.666666', 0x206676202031464BDE202220792F206B, '2024-10-30 18:00:00.666666');
INSERT INTO tbl5_platform_user (user_id, user_email, user_username, user_nickname, user_password, user_role, user_status, user_country, user_addr_class1, user_addr_class2, user_gender, user_birthdate, user_hobby, user_create_by, user_create_at, user_update_by, user_update_at) VALUES(0x20706320AAC54D5FAFB92020C0D92043, 'test30@test.com', 'test30@test.com', 'テストユーザー30', '$2a$10$wnv1o2I74gDrjKaNTU2nDubyazVMooGn42arBYinHS5/vudVsW9IS', 'USER', 0, 83, 13, 224, 1, '1999-01-10', '1,8', 0x20706320D5BA4D5FD0C62020BFA62043, '2024-10-30 18:00:00.666666', 0x20706320D5BA4D5FD0C62020BFA62043, '2024-10-30 18:00:00.666666');
INSERT INTO tbl5_platform_user (user_id, user_email, user_username, user_nickname, user_password, user_role, user_status, user_country, user_addr_class1, user_addr_class2, user_gender, user_birthdate, user_hobby, user_create_by, user_create_at, user_update_by, user_update_at) VALUES(0x20204C736E6143B62020ACBFD2255920, 'test38@test.com', 'test38@test.com', 'テストユーザー38', '$2a$10$wnv1o2I74gDrjKaNTU2nDubyazVMooGn42arBYinHS5/vudVsW9IS', 'USER', 0, 83, 13, 224, 1, '1999-01-10', '1,8', 0x20204C736E6143C92020D3C0AD255920, '2024-10-30 18:00:00.666666', 0x20204C736E6143C92020D3C0AD255920, '2024-10-30 18:00:00.666666');
INSERT INTO tbl5_platform_user (user_id, user_email, user_username, user_nickname, user_password, user_role, user_status, user_country, user_addr_class1, user_addr_class2, user_gender, user_birthdate, user_hobby, user_create_by, user_create_at, user_update_by, user_update_at) VALUES(0x20DEBB207C7D4D4E20205DA420752020, 'test65@test.com', 'test65@test.com', 'テストユーザー65', '$2a$10$wnv1o2I74gDrjKaNTU2nDubyazVMooGn42arBYinHS5/vudVsW9IS', 'USER', 0, 83, 13, 224, 1, '1999-01-10', '1,8', 0x20A1C4207C7D4D4E20205DDB20752020, '2024-10-30 18:00:00.666666', 0x20A1C4207C7D4D4E20205DDB20752020, '2024-10-30 18:00:00.666666');
INSERT INTO tbl5_platform_user (user_id, user_email, user_username, user_nickname, user_password, user_role, user_status, user_country, user_addr_class1, user_addr_class2, user_gender, user_birthdate, user_hobby, user_create_by, user_create_at, user_update_by, user_update_at) VALUES(0x20D320302A204C2020C42020207774DB, 'test79@test.com', 'test79@test.com', 'テストユーザー79', '$2a$10$wnv1o2I74gDrjKaNTU2nDubyazVMooGn42arBYinHS5/vudVsW9IS', 'USER', 0, 83, 13, 224, 1, '1999-01-10', '1,8', 0x20AC20302A204C2020BB2020207774A4, '2024-10-30 18:00:00.666666', 0x20AC20302A204C2020BB2020207774A4, '2024-10-30 18:00:00.666666');
INSERT INTO tbl5_platform_user (user_id, user_email, user_username, user_nickname, user_password, user_role, user_status, user_country, user_addr_class1, user_addr_class2, user_gender, user_birthdate, user_hobby, user_create_by, user_create_at, user_update_by, user_update_at) VALUES(0x20C42A5D20204520AA20292020322020, 'test56@test.com', 'test56@test.com', 'テストユーザー56', '$2a$10$wnv1o2I74gDrjKaNTU2nDubyazVMooGn42arBYinHS5/vudVsW9IS', 'USER', 0, 83, 13, 224, 1, '1999-01-10', '1,8', 0x20BB2A5D20204520D520292020322020, '2024-10-30 18:00:00.666666', 0x20BB2A5D20204520D520292020322020, '2024-10-30 18:00:00.666666');
INSERT INTO tbl5_platform_user (user_id, user_email, user_username, user_nickname, user_password, user_role, user_status, user_country, user_addr_class1, user_addr_class2, user_gender, user_birthdate, user_hobby, user_create_by, user_create_at, user_update_by, user_update_at) VALUES(0x20B42020515E4978204EA1202D2067A9, 'test59@test.com', 'test59@test.com', 'テストユーザー59', '$2a$10$wnv1o2I74gDrjKaNTU2nDubyazVMooGn42arBYinHS5/vudVsW9IS', 'USER', 0, 83, 13, 224, 1, '1999-01-10', '1,8', 0x20CB2020515E4978204EDE202D2067D6, '2024-10-30 18:00:00.666666', 0x20CB2020515E4978204EDE202D2067D6, '2024-10-30 18:00:00.666666');
INSERT INTO tbl5_platform_user (user_id, user_email, user_username, user_nickname, user_password, user_role, user_status, user_country, user_addr_class1, user_addr_class2, user_gender, user_birthdate, user_hobby, user_create_by, user_create_at, user_update_by, user_update_at) VALUES(0x20AB2037BE7149752020203467C44020, 'test64@test.com', 'test64@test.com', 'テストユーザー64', '$2a$10$wnv1o2I74gDrjKaNTU2nDubyazVMooGn42arBYinHS5/vudVsW9IS', 'USER', 0, 83, 13, 224, 1, '1999-01-10', '1,8', 0x20D42037C17149752020203467BB4020, '2024-10-30 18:00:00.666666', 0x20D42037C17149752020203467BB4020, '2024-10-30 18:00:00.666666');
INSERT INTO tbl5_platform_user (user_id, user_email, user_username, user_nickname, user_password, user_role, user_status, user_country, user_addr_class1, user_addr_class2, user_gender, user_birthdate, user_hobby, user_create_by, user_create_at, user_update_by, user_update_at) VALUES(0x2120422720B34B4AB2A6322020202020, 'test73@test.com', 'test73@test.com', 'テストユーザー73', '$2a$10$wnv1o2I74gDrjKaNTU2nDubyazVMooGn42arBYinHS5/vudVsW9IS', 'USER', 0, 83, 13, 224, 1, '1999-01-10', '1,8', 0x2120422720CC4B4ACDD9322020202020, '2024-10-30 18:00:00.666666', 0x2120422720CC4B4ACDD9322020202020, '2024-10-30 18:00:00.666666');
INSERT INTO tbl5_platform_user (user_id, user_email, user_username, user_nickname, user_password, user_role, user_status, user_country, user_addr_class1, user_addr_class2, user_gender, user_birthdate, user_hobby, user_create_by, user_create_at, user_update_by, user_update_at) VALUES(0x26CB20C56F20494CAB662070207E3245, 'test16@test.com', 'test16@test.com', 'テストユーザー16', '$2a$10$wnv1o2I74gDrjKaNTU2nDubyazVMooGn42arBYinHS5/vudVsW9IS', 'USER', 0, 83, 13, 224, 1, '1999-01-10', '1,8', 0x26B420BA6F20494CD4662070207E3245, '2024-10-30 18:00:00.666666', 0x26B420BA6F20494CD4662070207E3245, '2024-10-30 18:00:00.666666');
INSERT INTO tbl5_platform_user (user_id, user_email, user_username, user_nickname, user_password, user_role, user_status, user_country, user_addr_class1, user_addr_class2, user_gender, user_birthdate, user_hobby, user_create_by, user_create_at, user_update_by, user_update_at) VALUES(0x26AE202020204E202057CF203720206F, 'test20@test.com', 'test20@test.com', 'テストユーザー20', '$2a$10$wnv1o2I74gDrjKaNTU2nDubyazVMooGn42arBYinHS5/vudVsW9IS', 'USER', 0, 83, 13, 224, 1, '1999-01-10', '1,8', 0x26D1202020204E202057B0203720206F, '2024-10-30 18:00:00.666666', 0x26D1202020204E202057B0203720206F, '2024-10-30 18:00:00.666666');
INSERT INTO tbl5_platform_user (user_id, user_email, user_username, user_nickname, user_password, user_role, user_status, user_country, user_addr_class1, user_addr_class2, user_gender, user_birthdate, user_hobby, user_create_by, user_create_at, user_update_by, user_update_at) VALUES(0x283B237820A94820202063B4B73F20CB, 'test27@test.com', 'test27@test.com', 'テストユーザー27', '$2a$10$wnv1o2I74gDrjKaNTU2nDubyazVMooGn42arBYinHS5/vudVsW9IS', 'USER', 0, 83, 13, 224, 1, '1999-01-10', '1,8', 0x283B237820D64820202063CBC83F20B4, '2024-10-30 18:00:00.666666', 0x283B237820D64820202063CBC83F20B4, '2024-10-30 18:00:00.666666');
INSERT INTO tbl5_platform_user (user_id, user_email, user_username, user_nickname, user_password, user_role, user_status, user_country, user_addr_class1, user_addr_class2, user_gender, user_birthdate, user_hobby, user_create_by, user_create_at, user_update_by, user_update_at) VALUES(0x2D205ADCDD424F59B5B3206B20202053, 'test18@test.com', 'test18@test.com', 'テストユーザー18', '$2a$10$wnv1o2I74gDrjKaNTU2nDubyazVMooGn42arBYinHS5/vudVsW9IS', 'USER', 0, 83, 13, 224, 1, '1999-01-10', '1,8', 0x2D205AA3A2424F59CACC206B20202053, '2024-10-30 18:00:00.666666', 0x2D205AA3A2424F59CACC206B20202053, '2024-10-30 18:00:00.666666');
INSERT INTO tbl5_platform_user (user_id, user_email, user_username, user_nickname, user_password, user_role, user_status, user_country, user_addr_class1, user_addr_class2, user_gender, user_birthdate, user_hobby, user_create_by, user_create_at, user_update_by, user_update_at) VALUES(0x2E204BB4BA694020A1A3BD69247B2029, 'test19@test.com', 'test19@test.com', 'テストユーザー19', '$2a$10$wnv1o2I74gDrjKaNTU2nDubyazVMooGn42arBYinHS5/vudVsW9IS', 'USER', 0, 83, 13, 224, 1, '1999-01-10', '1,8', 0x2E204BCBC5694020DEDCC269247B2029, '2024-10-30 18:00:00.666666', 0x2E204BCBC5694020DEDCC269247B2029, '2024-10-30 18:00:00.666666');
INSERT INTO tbl5_platform_user (user_id, user_email, user_username, user_nickname, user_password, user_role, user_status, user_country, user_addr_class1, user_addr_class2, user_gender, user_birthdate, user_hobby, user_create_by, user_create_at, user_update_by, user_update_at) VALUES(0x2E202070207E452CB82FD1C8C5C52078, 'test52@test.com', 'test52@test.com', 'テストユーザー52', '$2a$10$wnv1o2I74gDrjKaNTU2nDubyazVMooGn42arBYinHS5/vudVsW9IS', 'USER', 0, 83, 13, 224, 1, '1999-01-10', '1,8', 0x2E202070207E452CC72FAEB7BABA2078, '2024-10-30 18:00:00.666666', 0x2E202070207E452CC72FAEB7BABA2078, '2024-10-30 18:00:00.666666');
INSERT INTO tbl5_platform_user (user_id, user_email, user_username, user_nickname, user_password, user_role, user_status, user_country, user_addr_class1, user_addr_class2, user_gender, user_birthdate, user_hobby, user_create_by, user_create_at, user_update_by, user_update_at) VALUES(0x2E206058CFAD4E5B207020BE20422020, 'test67@test.com', 'test67@test.com', 'テストユーザー67', '$2a$10$wnv1o2I74gDrjKaNTU2nDubyazVMooGn42arBYinHS5/vudVsW9IS', 'USER', 0, 83, 13, 224, 1, '1999-01-10', '1,8', 0x2E206058B0D24E5B207020C120422020, '2024-10-30 18:00:00.666666', 0x2E206058B0D24E5B207020C120422020, '2024-10-30 18:00:00.666666');
INSERT INTO tbl5_platform_user (user_id, user_email, user_username, user_nickname, user_password, user_role, user_status, user_country, user_addr_class1, user_addr_class2, user_gender, user_birthdate, user_hobby, user_create_by, user_create_at, user_update_by, user_update_at) VALUES(0x333E20A135204220B32040D2C02020DE, 'test62@test.com', 'test62@test.com', 'テストユーザー62', '$2a$10$wnv1o2I74gDrjKaNTU2nDubyazVMooGn42arBYinHS5/vudVsW9IS', 'USER', 0, 83, 13, 224, 1, '1999-01-10', '1,8', 0x333E20DE35204220CC2040ADBF2020A1, '2024-10-30 18:00:00.666666', 0x333E20DE35204220CC2040ADBF2020A1, '2024-10-30 18:00:00.666666');
INSERT INTO tbl5_platform_user (user_id, user_email, user_username, user_nickname, user_password, user_role, user_status, user_country, user_addr_class1, user_addr_class2, user_gender, user_birthdate, user_hobby, user_create_by, user_create_at, user_update_by, user_update_at) VALUES(0x3420D9D67EA745C4A92C2039DD202028, 'test36@test.com', 'test36@test.com', 'テストユーザー36', '$2a$10$wnv1o2I74gDrjKaNTU2nDubyazVMooGn42arBYinHS5/vudVsW9IS', 'USER', 0, 83, 13, 224, 1, '1999-01-10', '1,8', 0x3420A6A97ED845BBD62C2039A2202028, '2024-10-30 18:00:00.666666', 0x3420A6A97ED845BBD62C2039A2202028, '2024-10-30 18:00:00.666666');
INSERT INTO tbl5_platform_user (user_id, user_email, user_username, user_nickname, user_password, user_role, user_status, user_country, user_addr_class1, user_addr_class2, user_gender, user_birthdate, user_hobby, user_create_by, user_create_at, user_update_by, user_update_at) VALUES(0x3620202020BB4BC6B7202023364F2020, 'test24@test.com', 'test24@test.com', 'テストユーザー24', '$2a$10$wnv1o2I74gDrjKaNTU2nDubyazVMooGn42arBYinHS5/vudVsW9IS', 'USER', 0, 83, 13, 224, 1, '1999-01-10', '1,8', 0x3620202020C44BB9C8202023364F2020, '2024-10-30 18:00:00.666666', 0x3620202020C44BB9C8202023364F2020, '2024-10-30 18:00:00.666666');
INSERT INTO tbl5_platform_user (user_id, user_email, user_username, user_nickname, user_password, user_role, user_status, user_country, user_addr_class1, user_addr_class2, user_gender, user_birthdate, user_hobby, user_create_by, user_create_at, user_update_by, user_update_at) VALUES(0x3820BACAD1B94664AB60203B20202030, 'test97@test.com', 'test97@test.com', 'テストユーザー97', '$2a$10$wnv1o2I74gDrjKaNTU2nDubyazVMooGn42arBYinHS5/vudVsW9IS', 'USER', 0, 83, 13, 224, 1, '1999-01-10', '1,8', 0x3820C5B5AEC64664D460203B20202030, '2024-10-30 18:00:00.666666', 0x3820C5B5AEC64664D460203B20202030, '2024-10-30 18:00:00.666666');
INSERT INTO tbl5_platform_user (user_id, user_email, user_username, user_nickname, user_password, user_role, user_status, user_country, user_addr_class1, user_addr_class2, user_gender, user_birthdate, user_hobby, user_create_by, user_create_at, user_update_by, user_update_at) VALUES(0x3926AA20D8CC4820207E203F57592020, 'test57@test.com', 'test57@test.com', 'テストユーザー57', '$2a$10$wnv1o2I74gDrjKaNTU2nDubyazVMooGn42arBYinHS5/vudVsW9IS', 'USER', 0, 83, 13, 224, 1, '1999-01-10', '1,8', 0x3926D520A7B34820207E203F57592020, '2024-10-30 18:00:00.666666', 0x3926D520A7B34820207E203F57592020, '2024-10-30 18:00:00.666666');
INSERT INTO tbl5_platform_user (user_id, user_email, user_username, user_nickname, user_password, user_role, user_status, user_country, user_addr_class1, user_addr_class2, user_gender, user_birthdate, user_hobby, user_create_by, user_create_at, user_update_by, user_update_at) VALUES(0x3B20BA2020204820B72038392039433D, 'test29@test.com', 'test29@test.com', 'テストユーザー29', '$2a$10$wnv1o2I74gDrjKaNTU2nDubyazVMooGn42arBYinHS5/vudVsW9IS', 'USER', 0, 83, 13, 224, 1, '1999-01-10', '1,8', 0x3B20C52020204820C82038392039433D, '2024-10-30 18:00:00.666666', 0x3B20C52020204820C82038392039433D, '2024-10-30 18:00:00.666666');
INSERT INTO tbl5_platform_user (user_id, user_email, user_username, user_nickname, user_password, user_role, user_status, user_country, user_addr_class1, user_addr_class2, user_gender, user_birthdate, user_hobby, user_create_by, user_create_at, user_update_by, user_update_at) VALUES(0x3C20773F3B3B4D20A75D6A2720202E3F, 'test66@test.com', 'test66@test.com', 'テストユーザー66', '$2a$10$wnv1o2I74gDrjKaNTU2nDubyazVMooGn42arBYinHS5/vudVsW9IS', 'USER', 0, 83, 13, 224, 1, '1999-01-10', '1,8', 0x3C20773F3B3B4D20D85D6A2720202E3F, '2024-10-30 18:00:00.666666', 0x3C20773F3B3B4D20D85D6A2720202E3F, '2024-10-30 18:00:00.666666');
INSERT INTO tbl5_platform_user (user_id, user_email, user_username, user_nickname, user_password, user_role, user_status, user_country, user_addr_class1, user_addr_class2, user_gender, user_birthdate, user_hobby, user_create_by, user_create_at, user_update_by, user_update_at) VALUES(0x3D257A4C20CC45D0A13278ABC9206320, 'test37@test.com', 'test37@test.com', 'テストユーザー37', '$2a$10$wnv1o2I74gDrjKaNTU2nDubyazVMooGn42arBYinHS5/vudVsW9IS', 'USER', 0, 83, 13, 224, 1, '1999-01-10', '1,8', 0x3D257A4C20B345AFDE3278D4B6206320, '2024-10-30 18:00:00.666666', 0x3D257A4C20B345AFDE3278D4B6206320, '2024-10-30 18:00:00.666666');
INSERT INTO tbl5_platform_user (user_id, user_email, user_username, user_nickname, user_password, user_role, user_status, user_country, user_addr_class1, user_addr_class2, user_gender, user_birthdate, user_hobby, user_create_by, user_create_at, user_update_by, user_update_at) VALUES(0x3F20677C2029482020C92320A27C20DB, 'test76@test.com', 'test76@test.com', 'テストユーザー76', '$2a$10$wnv1o2I74gDrjKaNTU2nDubyazVMooGn42arBYinHS5/vudVsW9IS', 'USER', 0, 83, 13, 224, 1, '1999-01-10', '1,8', 0x3F20677C2029482020B62320DD7C20A4, '2024-10-30 18:00:00.666666', 0x3F20677C2029482020B62320DD7C20A4, '2024-10-30 18:00:00.666666');
INSERT INTO tbl5_platform_user (user_id, user_email, user_username, user_nickname, user_password, user_role, user_status, user_country, user_addr_class1, user_addr_class2, user_gender, user_birthdate, user_hobby, user_create_by, user_create_at, user_update_by, user_update_at) VALUES(0x3F704D65494E47AFA220662020A5D320, 'test71@test.com', 'test71@test.com', 'テストユーザー71', '$2a$10$wnv1o2I74gDrjKaNTU2nDubyazVMooGn42arBYinHS5/vudVsW9IS', 'USER', 0, 83, 13, 224, 1, '1999-01-10', '1,8', 0x3F704D65494E47D0DD20662020DAAC20, '2024-10-30 18:00:00.666666', 0x3F704D65494E47D0DD20662020DAAC20, '2024-10-30 18:00:00.666666');
INSERT INTO tbl5_platform_user (user_id, user_email, user_username, user_nickname, user_password, user_role, user_status, user_country, user_addr_class1, user_addr_class2, user_gender, user_birthdate, user_hobby, user_create_by, user_create_at, user_update_by, user_update_at) VALUES(0x41C5A25BCE7D404ABE513DAFBAB55C20, 'test35@test.com', 'test35@test.com', 'テストユーザー35', '$2a$10$wnv1o2I74gDrjKaNTU2nDubyazVMooGn42arBYinHS5/vudVsW9IS', 'USER', 0, 83, 13, 224, 1, '1999-01-10', '1,8', 0x41BADD5BB17D404AC1513DD0C5CA5C20, '2024-10-30 18:00:00.666666', 0x41BADD5BB17D404AC1513DD0C5CA5C20, '2024-10-30 18:00:00.666666');
INSERT INTO tbl5_platform_user (user_id, user_email, user_username, user_nickname, user_password, user_role, user_status, user_country, user_addr_class1, user_addr_class2, user_gender, user_birthdate, user_hobby, user_create_by, user_create_at, user_update_by, user_update_at) VALUES(0x44207226D6204D38202020DAA5203320, 'test63@test.com', 'test63@test.com', 'テストユーザー63', '$2a$10$wnv1o2I74gDrjKaNTU2nDubyazVMooGn42arBYinHS5/vudVsW9IS', 'USER', 0, 83, 13, 224, 1, '1999-01-10', '1,8', 0x44207226A9204D38202020A5DA203320, '2024-10-30 18:00:00.666666', 0x44207226A9204D38202020A5DA203320, '2024-10-30 18:00:00.666666');
INSERT INTO tbl5_platform_user (user_id, user_email, user_username, user_nickname, user_password, user_role, user_status, user_country, user_addr_class1, user_addr_class2, user_gender, user_birthdate, user_hobby, user_create_by, user_create_at, user_update_by, user_update_at) VALUES(0x4652682020434521A6C4672059A55359, 'test32@test.com', 'test32@test.com', 'テストユーザー32', '$2a$10$wnv1o2I74gDrjKaNTU2nDubyazVMooGn42arBYinHS5/vudVsW9IS', 'USER', 0, 83, 13, 224, 1, '1999-01-10', '1,8', 0x4652682020434521D9BB672059DA5359, '2024-10-30 18:00:00.666666', 0x4652682020434521D9BB672059DA5359, '2024-10-30 18:00:00.666666');
INSERT INTO tbl5_platform_user (user_id, user_email, user_username, user_nickname, user_password, user_role, user_status, user_country, user_addr_class1, user_addr_class2, user_gender, user_birthdate, user_hobby, user_create_by, user_create_at, user_update_by, user_update_at) VALUES(0x4920202033664420BE5A20BD2020A3A5, 'test22@test.com', 'test22@test.com', 'テストユーザー22', '$2a$10$wnv1o2I74gDrjKaNTU2nDubyazVMooGn42arBYinHS5/vudVsW9IS', 'USER', 0, 83, 13, 224, 1, '1999-01-10', '1,8', 0x4920202033664420C15A20C22020DCDA, '2024-10-30 18:00:00.666666', 0x4920202033664420C15A20C22020DCDA, '2024-10-30 18:00:00.666666');
INSERT INTO tbl5_platform_user (user_id, user_email, user_username, user_nickname, user_password, user_role, user_status, user_country, user_addr_class1, user_addr_class2, user_gender, user_birthdate, user_hobby, user_create_by, user_create_at, user_update_by, user_update_at) VALUES(0x4D2020ADAA5C4720202020B42020686B, 'test42@test.com', 'test42@test.com', 'テストユーザー42', '$2a$10$wnv1o2I74gDrjKaNTU2nDubyazVMooGn42arBYinHS5/vudVsW9IS', 'USER', 0, 83, 13, 224, 1, '1999-01-10', '1,8', 0x4D2020D2D55C4720202020CB2020686B, '2024-10-30 18:00:00.666666', 0x4D2020D2D55C4720202020CB2020686B, '2024-10-30 18:00:00.666666');
INSERT INTO tbl5_platform_user (user_id, user_email, user_username, user_nickname, user_password, user_role, user_status, user_country, user_addr_class1, user_addr_class2, user_gender, user_birthdate, user_hobby, user_create_by, user_create_at, user_update_by, user_update_at) VALUES(0x4E6C202E43204820BEAA2020384959D3, 'test75@test.com', 'test75@test.com', 'テストユーザー75', '$2a$10$wnv1o2I74gDrjKaNTU2nDubyazVMooGn42arBYinHS5/vudVsW9IS', 'USER', 0, 83, 13, 224, 1, '1999-01-10', '1,8', 0x4E6C202E43204820C1D52020384959AC, '2024-10-30 18:00:00.666666', 0x4E6C202E43204820C1D52020384959AC, '2024-10-30 18:00:00.666666');
INSERT INTO tbl5_platform_user (user_id, user_email, user_username, user_nickname, user_password, user_role, user_status, user_country, user_addr_class1, user_addr_class2, user_gender, user_birthdate, user_hobby, user_create_by, user_create_at, user_update_by, user_update_at) VALUES(0x4ECA20D061A8412020BF2028D36C2020, 'test45@test.com', 'test45@test.com', 'テストユーザー45', '$2a$10$wnv1o2I74gDrjKaNTU2nDubyazVMooGn42arBYinHS5/vudVsW9IS', 'USER', 0, 83, 13, 224, 1, '1999-01-10', '1,8', 0x4EB520AF61D7412020C02028AC6C2020, '2024-10-30 18:00:00.666666', 0x4EB520AF61D7412020C02028AC6C2020, '2024-10-30 18:00:00.666666');
INSERT INTO tbl5_platform_user (user_id, user_email, user_username, user_nickname, user_password, user_role, user_status, user_country, user_addr_class1, user_addr_class2, user_gender, user_birthdate, user_hobby, user_create_by, user_create_at, user_update_by, user_update_at) VALUES(0x4EA9B736206F4829B120202F20C2CD2F, 'test25@test.com', 'test25@test.com', 'テストユーザー25', '$2a$10$wnv1o2I74gDrjKaNTU2nDubyazVMooGn42arBYinHS5/vudVsW9IS', 'USER', 0, 83, 13, 224, 1, '1999-01-10', '1,8', 0x4ED6C836206F4829CE20202F20BDB22F, '2024-10-30 18:00:00.666666', 0x4ED6C836206F4829CE20202F20BDB22F, '2024-10-30 18:00:00.666666');
INSERT INTO tbl5_platform_user (user_id, user_email, user_username, user_nickname, user_password, user_role, user_status, user_country, user_addr_class1, user_addr_class2, user_gender, user_birthdate, user_hobby, user_create_by, user_create_at, user_update_by, user_update_at) VALUES(0x4FB2206AD02040CE202059B120A93F20, 'test50@test.com', 'test50@test.com', 'テストユーザー50', '$2a$10$wnv1o2I74gDrjKaNTU2nDubyazVMooGn42arBYinHS5/vudVsW9IS', 'USER', 0, 83, 13, 224, 1, '1999-01-10', '1,8', 0x4FCD206AAF2040B1202059CE20D63F20, '2024-10-30 18:00:00.666666', 0x4FCD206AAF2040B1202059CE20D63F20, '2024-10-30 18:00:00.666666');
INSERT INTO tbl5_platform_user (user_id, user_email, user_username, user_nickname, user_password, user_role, user_status, user_country, user_addr_class1, user_addr_class2, user_gender, user_birthdate, user_hobby, user_create_by, user_create_at, user_update_by, user_update_at) VALUES(0x512083B5CE56492520576720879549D9, 'info@dltipt.com', 'info@dltipt.com', 'tipt_info', '$2a$10$G3.ztaVB.aw2DYkKVC8vW.OYS/gyjt7VAREmS2hjGLJDPDf0YaU.G', 'USER', 0, 35, 13, 109, 1, '2024-07-12', '1,4', 0x512083B5CE56492520576720879549D9, '2024-10-29 14:46:58.760935', 0x512083B5CE56492520576720879549D9, '2024-10-29 14:46:58.760935');
INSERT INTO tbl5_platform_user (user_id, user_email, user_username, user_nickname, user_password, user_role, user_status, user_country, user_addr_class1, user_addr_class2, user_gender, user_birthdate, user_hobby, user_create_by, user_create_at, user_update_by, user_update_at) VALUES(0x5520202045204722A9205620DE202020, 'test82@test.com', 'test82@test.com', 'テストユーザー82', '$2a$10$wnv1o2I74gDrjKaNTU2nDubyazVMooGn42arBYinHS5/vudVsW9IS', 'USER', 0, 83, 13, 224, 1, '1999-01-10', '1,8', 0x5520202045204722D6205620A1202020, '2024-10-30 18:00:00.666666', 0x5520202045204722D6205620A1202020, '2024-10-30 18:00:00.666666');
INSERT INTO tbl5_platform_user (user_id, user_email, user_username, user_nickname, user_password, user_role, user_status, user_country, user_addr_class1, user_addr_class2, user_gender, user_birthdate, user_hobby, user_create_by, user_create_at, user_update_by, user_update_at) VALUES(0x5679257A203E4A202020D220C0B12F59, 'test49@test.com', 'test49@test.com', 'テストユーザー49', '$2a$10$wnv1o2I74gDrjKaNTU2nDubyazVMooGn42arBYinHS5/vudVsW9IS', 'USER', 0, 83, 13, 224, 1, '1999-01-10', '1,8', 0x5679257A203E4A202020AD20BFCE2F59, '2024-10-30 18:00:00.666666', 0x5679257A203E4A202020AD20BFCE2F59, '2024-10-30 18:00:00.666666');
INSERT INTO tbl5_platform_user (user_id, user_email, user_username, user_nickname, user_password, user_role, user_status, user_country, user_addr_class1, user_addr_class2, user_gender, user_birthdate, user_hobby, user_create_by, user_create_at, user_update_by, user_update_at) VALUES(0x5B20D5AE394D4266202064CD20206A20, 'test61@test.com', 'test61@test.com', 'テストユーザー61', '$2a$10$wnv1o2I74gDrjKaNTU2nDubyazVMooGn42arBYinHS5/vudVsW9IS', 'USER', 0, 83, 13, 224, 1, '1999-01-10', '1,8', 0x5B20AAD1394D4266202064B220206A20, '2024-10-30 18:00:00.666666', 0x5B20AAD1394D4266202064B220206A20, '2024-10-30 18:00:00.666666');
INSERT INTO tbl5_platform_user (user_id, user_email, user_username, user_nickname, user_password, user_role, user_status, user_country, user_addr_class1, user_addr_class2, user_gender, user_birthdate, user_hobby, user_create_by, user_create_at, user_update_by, user_update_at) VALUES(0x602031205A2042BF20AB4ABF6FD02047, 'test88@test.com', 'test88@test.com', 'テストユーザー88', '$2a$10$wnv1o2I74gDrjKaNTU2nDubyazVMooGn42arBYinHS5/vudVsW9IS', 'USER', 0, 83, 13, 224, 1, '1999-01-10', '1,8', 0x602031205A2042C020D44AC06FAF2047, '2024-10-30 18:00:00.666666', 0x602031205A2042C020D44AC06FAF2047, '2024-10-30 18:00:00.666666');
INSERT INTO tbl5_platform_user (user_id, user_email, user_username, user_nickname, user_password, user_role, user_status, user_country, user_addr_class1, user_addr_class2, user_gender, user_birthdate, user_hobby, user_create_by, user_create_at, user_update_by, user_update_at) VALUES(0x624F20B247704A20BA69C55ABB202020, 'test58@test.com', 'test58@test.com', 'テストユーザー58', '$2a$10$wnv1o2I74gDrjKaNTU2nDubyazVMooGn42arBYinHS5/vudVsW9IS', 'USER', 0, 83, 13, 224, 1, '1999-01-10', '1,8', 0x624F20CD47704A20C569BA5AC4202020, '2024-10-30 18:00:00.666666', 0x624F20CD47704A20C569BA5AC4202020, '2024-10-30 18:00:00.666666');
INSERT INTO tbl5_platform_user (user_id, user_email, user_username, user_nickname, user_password, user_role, user_status, user_country, user_addr_class1, user_addr_class2, user_gender, user_birthdate, user_hobby, user_create_by, user_create_at, user_update_by, user_update_at) VALUES(0x634544A12020484CC13C20CB202020AF, 'Leon.Zhou@dltipt.com', 'Leon.Zhou@dltipt.com', 'Leon', '$2a$10$ja7krRPTRJ9H7.DNUNx9Bugy4sKdw.QdM84xDQpQFpKFg//PLvGmq', 'USER', 0, 35, 13, 102, 1, '1997-10-01', '1,3,4', 0x634544A12020484CC13C20CB202020AF, '2024-10-30 17:07:24.928255', 0x634544A12020484CC13C20CB202020AF, '2024-10-30 17:07:24.928255');
INSERT INTO tbl5_platform_user (user_id, user_email, user_username, user_nickname, user_password, user_role, user_status, user_country, user_addr_class1, user_addr_class2, user_gender, user_birthdate, user_hobby, user_create_by, user_create_at, user_update_by, user_update_at) VALUES(0x6420202020BC444420392020D0BE20AD, 'test15@test.com', 'test15@test.com', 'テストユーザー15', '$2a$10$wnv1o2I74gDrjKaNTU2nDubyazVMooGn42arBYinHS5/vudVsW9IS', 'USER', 0, 83, 13, 224, 1, '1999-01-10', '1,8', 0x6420202020C3444420392020AFC120D2, '2024-10-30 18:00:00.666666', 0x6420202020C3444420392020AFC120D2, '2024-10-30 18:00:00.666666');
INSERT INTO tbl5_platform_user (user_id, user_email, user_username, user_nickname, user_password, user_role, user_status, user_country, user_addr_class1, user_addr_class2, user_gender, user_birthdate, user_hobby, user_create_by, user_create_at, user_update_by, user_update_at) VALUES(0x652064206F3346C8B35520204B25D020, 'test99@test.com', 'test99@test.com', 'テストユーザー99', '$2a$10$wnv1o2I74gDrjKaNTU2nDubyazVMooGn42arBYinHS5/vudVsW9IS', 'USER', 0, 83, 13, 224, 1, '1999-01-10', '1,8', 0x652064206F3346B7CC5520204B25AF20, '2024-10-30 18:00:00.666666', 0x652064206F3346B7CC5520204B25AF20, '2024-10-30 18:00:00.666666');
INSERT INTO tbl5_platform_user (user_id, user_email, user_username, user_nickname, user_password, user_role, user_status, user_country, user_addr_class1, user_addr_class2, user_gender, user_birthdate, user_hobby, user_create_by, user_create_at, user_update_by, user_update_at) VALUES(0x6620202020204620B6DB207833632020, 'test96@test.com', 'test96@test.com', 'テストユーザー96', '$2a$10$wnv1o2I74gDrjKaNTU2nDubyazVMooGn42arBYinHS5/vudVsW9IS', 'USER', 0, 83, 13, 224, 1, '1999-01-10', '1,8', 0x6620202020204620C9A4207833632020, '2024-10-30 18:00:00.666666', 0x6620202020204620C9A4207833632020, '2024-10-30 18:00:00.666666');
INSERT INTO tbl5_platform_user (user_id, user_email, user_username, user_nickname, user_password, user_role, user_status, user_country, user_addr_class1, user_addr_class2, user_gender, user_birthdate, user_hobby, user_create_by, user_create_at, user_update_by, user_update_at) VALUES(0x6720532020204320202025D820202024, 'test84@test.com', 'test84@test.com', 'テストユーザー84', '$2a$10$wnv1o2I74gDrjKaNTU2nDubyazVMooGn42arBYinHS5/vudVsW9IS', 'USER', 0, 83, 13, 224, 1, '1999-01-10', '1,8', 0x6720532020204320202025A720202024, '2024-10-30 18:00:00.666666', 0x6720532020204320202025A720202024, '2024-10-30 18:00:00.666666');
INSERT INTO tbl5_platform_user (user_id, user_email, user_username, user_nickname, user_password, user_role, user_status, user_country, user_addr_class1, user_addr_class2, user_gender, user_birthdate, user_hobby, user_create_by, user_create_at, user_update_by, user_update_at) VALUES(0x6E2020DEB0204420A5A7207141CACF51, 'test12@test.com', 'test12@test.com', 'テストユーザー12', '$2a$10$wnv1o2I74gDrjKaNTU2nDubyazVMooGn42arBYinHS5/vudVsW9IS', 'USER', 0, 83, 13, 224, 1, '1999-01-10', '1,8', 0x6E2020A1CF204420DAD8207141B5B051, '2024-10-30 18:00:00.666666', 0x6E2020A1CF204420DAD8207141B5B051, '2024-10-30 18:00:00.666666');
INSERT INTO tbl5_platform_user (user_id, user_email, user_username, user_nickname, user_password, user_role, user_status, user_country, user_addr_class1, user_addr_class2, user_gender, user_birthdate, user_hobby, user_create_by, user_create_at, user_update_by, user_update_at) VALUES(0x6FC72020CC204D68A664C67620DDA664, 'test33@test.com', 'test33@test.com', 'テストユーザー33', '$2a$10$wnv1o2I74gDrjKaNTU2nDubyazVMooGn42arBYinHS5/vudVsW9IS', 'USER', 0, 83, 13, 224, 1, '1999-01-10', '1,8', 0x6FB82020B3204D68D964B97620A2D964, '2024-10-30 18:00:00.666666', 0x6FB82020B3204D68D964B97620A2D964, '2024-10-30 18:00:00.666666');
INSERT INTO tbl5_platform_user (user_id, user_email, user_username, user_nickname, user_password, user_role, user_status, user_country, user_addr_class1, user_addr_class2, user_gender, user_birthdate, user_hobby, user_create_by, user_create_at, user_update_by, user_update_at) VALUES(0x7020AB2B203548BFB96F274D41435323, 'test93@test.com', 'test93@test.com', 'テストユーザー93', '$2a$10$wnv1o2I74gDrjKaNTU2nDubyazVMooGn42arBYinHS5/vudVsW9IS', 'USER', 0, 83, 13, 224, 1, '1999-01-10', '1,8', 0x7020D42B203548C0C66F274D41435323, '2024-10-30 18:00:00.666666', 0x7020D42B203548C0C66F274D41435323, '2024-10-30 18:00:00.666666');
INSERT INTO tbl5_platform_user (user_id, user_email, user_username, user_nickname, user_password, user_role, user_status, user_country, user_addr_class1, user_addr_class2, user_gender, user_birthdate, user_hobby, user_create_by, user_create_at, user_update_by, user_update_at) VALUES(0x762A632020714C20206C53D0D7D02020, 'test87@test.com', 'test87@test.com', 'テストユーザー87', '$2a$10$wnv1o2I74gDrjKaNTU2nDubyazVMooGn42arBYinHS5/vudVsW9IS', 'USER', 0, 83, 13, 224, 1, '1999-01-10', '1,8', 0x762A632020714C20206C53AFA8AF2020, '2024-10-30 18:00:00.666666', 0x762A632020714C20206C53AFA8AF2020, '2024-10-30 18:00:00.666666');
INSERT INTO tbl5_platform_user (user_id, user_email, user_username, user_nickname, user_password, user_role, user_status, user_country, user_addr_class1, user_addr_class2, user_gender, user_birthdate, user_hobby, user_create_by, user_create_at, user_update_by, user_update_at) VALUES(0x79202076B6BA4020ACC47CA920694320, 'test70@test.com', 'test70@test.com', 'テストユーザー70', '$2a$10$wnv1o2I74gDrjKaNTU2nDubyazVMooGn42arBYinHS5/vudVsW9IS', 'USER', 0, 83, 13, 224, 1, '1999-01-10', '1,8', 0x79202076C9C54020D3BB7CD620694320, '2024-10-30 18:00:00.666666', 0x79202076C9C54020D3BB7CD620694320, '2024-10-30 18:00:00.666666');
INSERT INTO tbl5_platform_user (user_id, user_email, user_username, user_nickname, user_password, user_role, user_status, user_country, user_addr_class1, user_addr_class2, user_gender, user_birthdate, user_hobby, user_create_by, user_create_at, user_update_by, user_update_at) VALUES(0x7B20204EB6204620A820AF78DD5C20C1, 'test14@test.com', 'test14@test.com', 'テストユーザー14', '$2a$10$wnv1o2I74gDrjKaNTU2nDubyazVMooGn42arBYinHS5/vudVsW9IS', 'USER', 0, 83, 13, 224, 1, '1999-01-10', '1,8', 0x7B20204EC9204620D720D078A25C20BE, '2024-10-30 18:00:00.666666', 0x7B20204EC9204620D720D078A25C20BE, '2024-10-30 18:00:00.666666');
INSERT INTO tbl5_platform_user (user_id, user_email, user_username, user_nickname, user_password, user_role, user_status, user_country, user_addr_class1, user_addr_class2, user_gender, user_birthdate, user_hobby, user_create_by, user_create_at, user_update_by, user_update_at) VALUES(0x7D20754E20604834A7202020A7264EC1, 'test92@test.com', 'test92@test.com', 'テストユーザー92', '$2a$10$wnv1o2I74gDrjKaNTU2nDubyazVMooGn42arBYinHS5/vudVsW9IS', 'USER', 0, 83, 13, 224, 1, '1999-01-10', '1,8', 0x7D20754E20604834D8202020D8264EBE, '2024-10-30 18:00:00.666666', 0x7D20754E20604834D8202020D8264EBE, '2024-10-30 18:00:00.666666');
INSERT INTO tbl5_platform_user (user_id, user_email, user_username, user_nickname, user_password, user_role, user_status, user_country, user_addr_class1, user_addr_class2, user_gender, user_birthdate, user_hobby, user_create_by, user_create_at, user_update_by, user_update_at) VALUES(0x2051206A20204FAB202020272020C020, 'test48@test.com', 'test48@test.com', 'テストユーザー48', '$2a$10$wnv1o2I74gDrjKaNTU2nDubyazVMooGn42arBYinHS5/vudVsW9IS', 'USER', 0, 83, 13, 224, 1, '1999-01-10', '1,8', 0x2051206A20204FD4202020272020BF20, '2024-10-30 18:00:00.666666', 0x2051206A20204FD4202020272020BF20, '2024-10-30 18:00:00.666666');
INSERT INTO tbl5_platform_user (user_id, user_email, user_username, user_nickname, user_password, user_role, user_status, user_country, user_addr_class1, user_addr_class2, user_gender, user_birthdate, user_hobby, user_create_by, user_create_at, user_update_by, user_update_at) VALUES(0x20333A20B75242CD2020202020C74C20, 'test46@test.com', 'test46@test.com', 'テストユーザー46', '$2a$10$wnv1o2I74gDrjKaNTU2nDubyazVMooGn42arBYinHS5/vudVsW9IS', 'USER', 0, 83, 13, 224, 1, '1999-01-10', '1,8', 0x20333A20C85242B22020202020B84C20, '2024-10-30 18:00:00.666666', 0x20333A20C85242B22020202020B84C20, '2024-10-30 18:00:00.666666');
INSERT INTO tbl5_platform_user (user_id, user_email, user_username, user_nickname, user_password, user_role, user_status, user_country, user_addr_class1, user_addr_class2, user_gender, user_birthdate, user_hobby, user_create_by, user_create_at, user_update_by, user_update_at) VALUES(0x203B70D020C74CB0205720C371332DB7, 'test86@test.com', 'test86@test.com', 'テストユーザー86', '$2a$10$wnv1o2I74gDrjKaNTU2nDubyazVMooGn42arBYinHS5/vudVsW9IS', 'USER', 0, 83, 13, 224, 1, '1999-01-10', '1,8', 0x203B70AF20B84CCF205720BC71332DC8, '2024-10-30 18:00:00.666666', 0x203B70AF20B84CCF205720BC71332DC8, '2024-10-30 18:00:00.666666');
INSERT INTO tbl5_platform_user (user_id, user_email, user_username, user_nickname, user_password, user_role, user_status, user_country, user_addr_class1, user_addr_class2, user_gender, user_birthdate, user_hobby, user_create_by, user_create_at, user_update_by, user_update_at) VALUES(0x20752720C9D44C2020C67020456B4F20, 'test68@test.com', 'test68@test.com', 'テストユーザー68', '$2a$10$wnv1o2I74gDrjKaNTU2nDubyazVMooGn42arBYinHS5/vudVsW9IS', 'USER', 0, 83, 13, 224, 1, '1999-01-10', '1,8', 0x20752720B6AB4C2020B97020456B4F20, '2024-10-30 18:00:00.666666', 0x20752720B6AB4C2020B97020456B4F20, '2024-10-30 18:00:00.666666');
INSERT INTO tbl5_platform_user (user_id, user_email, user_username, user_nickname, user_password, user_role, user_status, user_country, user_addr_class1, user_addr_class2, user_gender, user_birthdate, user_hobby, user_create_by, user_create_at, user_update_by, user_update_at) VALUES(0x20CF20767820462020C62035204A3E6D, 'test44@test.com', 'test44@test.com', 'テストユーザー44', '$2a$10$wnv1o2I74gDrjKaNTU2nDubyazVMooGn42arBYinHS5/vudVsW9IS', 'USER', 0, 83, 13, 224, 1, '1999-01-10', '1,8', 0x20B020767820462020B92035204A3E6D, '2024-10-30 18:00:00.666666', 0x20B020767820462020B92035204A3E6D, '2024-10-30 18:00:00.666666');
INSERT INTO tbl5_platform_user (user_id, user_email, user_username, user_nickname, user_password, user_role, user_status, user_country, user_addr_class1, user_addr_class2, user_gender, user_birthdate, user_hobby, user_create_by, user_create_at, user_update_by, user_update_at) VALUES(0x20D0727C6B20416F20B323AC2020324E, 'test21@test.com', 'test21@test.com', 'テストユーザー21', '$2a$10$wnv1o2I74gDrjKaNTU2nDubyazVMooGn42arBYinHS5/vudVsW9IS', 'USER', 0, 83, 13, 224, 1, '1999-01-10', '1,8', 0x20AF727C6B20416F20CC23D32020324E, '2024-10-30 18:00:00.666666', 0x20AF727C6B20416F20CC23D32020324E, '2024-10-30 18:00:00.666666');
INSERT INTO tbl5_platform_user (user_id, user_email, user_username, user_nickname, user_password, user_role, user_status, user_country, user_addr_class1, user_addr_class2, user_gender, user_birthdate, user_hobby, user_create_by, user_create_at, user_update_by, user_update_at) VALUES(0x203E20AE6ADA49202023202720203CB8, 'test100@test.com', 'test100@test.com', 'テストユーザー100', '$2a$10$wnv1o2I74gDrjKaNTU2nDubyazVMooGn42arBYinHS5/vudVsW9IS', 'USER', 0, 83, 13, 224, 1, '1999-01-10', '1,8', 0x203E20D16AA549202023202720203CC7, '2024-10-30 18:00:00.666666', 0x203E20D16AA549202023202720203CC7, '2024-10-30 18:00:00.666666');
INSERT INTO tbl5_platform_user (user_id, user_email, user_username, user_nickname, user_password, user_role, user_status, user_country, user_addr_class1, user_addr_class2, user_gender, user_birthdate, user_hobby, user_create_by, user_create_at, user_update_by, user_update_at) VALUES(0x209ACBD5D6A64E3C207420303C5220B9, 'Laura.Yang@dltipt.com', 'Laura.Yang@dltipt.com', 'Laura', '$2a$10$wSa7mTDVtEtnu4kZmOFN..TzRo.4m2DDROrVm6.Ljm7wTDpakmT0G', 'USER', 0, NULL, NULL, NULL, 0, NULL, '', 0x209ACBD5D6A64E3C207420303C5220B9, '2024-10-30 17:43:51.336029', 0x209ACBD5D6A64E3C207420303C5220B9, '2024-10-30 17:43:51.336029');
INSERT INTO tbl5_platform_user (user_id, user_email, user_username, user_nickname, user_password, user_role, user_status, user_country, user_addr_class1, user_addr_class2, user_gender, user_birthdate, user_hobby, user_create_by, user_create_at, user_update_by, user_update_at) VALUES(0x20C0CE5348204979207AAACC723E20B7, 'test47@test.com', 'test47@test.com', 'テストユーザー47', '$2a$10$wnv1o2I74gDrjKaNTU2nDubyazVMooGn42arBYinHS5/vudVsW9IS', 'USER', 0, 83, 13, 224, 1, '1999-01-10', '1,8', 0x20BFB15348204979207AD5B3723E20C8, '2024-10-30 18:00:00.666666', 0x20BFB15348204979207AD5B3723E20C8, '2024-10-30 18:00:00.666666');
INSERT INTO tbl5_platform_user (user_id, user_email, user_username, user_nickname, user_password, user_role, user_status, user_country, user_addr_class1, user_addr_class2, user_gender, user_birthdate, user_hobby, user_create_by, user_create_at, user_update_by, user_update_at) VALUES(0x20CF374B33204820BAB8DE2073532020, 'test13@test.com', 'test13@test.com', 'テストユーザー13', '$2a$10$wnv1o2I74gDrjKaNTU2nDubyazVMooGn42arBYinHS5/vudVsW9IS', 'USER', 0, 83, 13, 224, 1, '1999-01-10', '1,8', 0x20B0374B33204820C5C7A12073532020, '2024-10-30 18:00:00.666666', 0x20B0374B33204820C5C7A12073532020, '2024-10-30 18:00:00.666666');
INSERT INTO tbl5_platform_user (user_id, user_email, user_username, user_nickname, user_password, user_role, user_status, user_country, user_addr_class1, user_addr_class2, user_gender, user_birthdate, user_hobby, user_create_by, user_create_at, user_update_by, user_update_at) VALUES(0x2020275E20494C6DB2204720D6786EB3, 'test85@test.com', 'test85@test.com', 'テストユーザー85', '$2a$10$wnv1o2I74gDrjKaNTU2nDubyazVMooGn42arBYinHS5/vudVsW9IS', 'USER', 0, 83, 13, 224, 1, '1999-01-10', '1,8', 0x2020275E20494C6DCD204720A9786ECC, '2024-10-30 18:00:00.666666', 0x2020275E20494C6DCD204720A9786ECC, '2024-10-30 18:00:00.666666');
INSERT INTO tbl5_platform_user (user_id, user_email, user_username, user_nickname, user_password, user_role, user_status, user_country, user_addr_class1, user_addr_class2, user_gender, user_birthdate, user_hobby, user_create_by, user_create_at, user_update_by, user_update_at) VALUES(0x2020227420C74178B1207168205B204C, 'test53@test.com', 'test53@test.com', 'テストユーザー53', '$2a$10$wnv1o2I74gDrjKaNTU2nDubyazVMooGn42arBYinHS5/vudVsW9IS', 'USER', 0, 83, 13, 224, 1, '1999-01-10', '1,8', 0x2020227420B84178CE207168205B204C, '2024-10-30 18:00:00.666666', 0x2020227420B84178CE207168205B204C, '2024-10-30 18:00:00.666666');
INSERT INTO tbl5_platform_user (user_id, user_email, user_username, user_nickname, user_password, user_role, user_status, user_country, user_addr_class1, user_addr_class2, user_gender, user_birthdate, user_hobby, user_create_by, user_create_at, user_update_by, user_update_at) VALUES(0x20BB202020204220BDB674B0D92961AF, 'test39@test.com', 'test39@test.com', 'テストユーザー39', '$2a$10$wnv1o2I74gDrjKaNTU2nDubyazVMooGn42arBYinHS5/vudVsW9IS', 'USER', 0, 83, 13, 224, 1, '1999-01-10', '1,8', 0x20C4202020204220C2C974CFA62961D0, '2024-10-30 18:00:00.666666', 0x20C4202020204220C2C974CFA62961D0, '2024-10-30 18:00:00.666666');
INSERT INTO tbl5_platform_user (user_id, user_email, user_username, user_nickname, user_password, user_role, user_status, user_country, user_addr_class1, user_addr_class2, user_gender, user_birthdate, user_hobby, user_create_by, user_create_at, user_update_by, user_update_at) VALUES(0x20B23222772042CBB2B42020234A203B, 'test41@test.com', 'test41@test.com', 'テストユーザー41', '$2a$10$wnv1o2I74gDrjKaNTU2nDubyazVMooGn42arBYinHS5/vudVsW9IS', 'USER', 0, 83, 13, 224, 1, '1999-01-10', '1,8', 0x20CD3222772042B4CDCB2020234A203B, '2024-10-30 18:00:00.666666', 0x20CD3222772042B4CDCB2020234A203B, '2024-10-30 18:00:00.666666');
INSERT INTO tbl5_platform_user (user_id, user_email, user_username, user_nickname, user_password, user_role, user_status, user_country, user_addr_class1, user_addr_class2, user_gender, user_birthdate, user_hobby, user_create_by, user_create_at, user_update_by, user_update_at) VALUES(0xD95D205BBCB54052205820CE6A7EC420, 'test83@test.com', 'test83@test.com', 'テストユーザー83', '$2a$10$wnv1o2I74gDrjKaNTU2nDubyazVMooGn42arBYinHS5/vudVsW9IS', 'USER', 0, 83, 13, 224, 1, '1999-01-10', '1,8', 0xA65D205BC3CA4052205820B16A7EBB20, '2024-10-30 18:00:00.666666', 0xA65D205BC3CA4052205820B16A7EBB20, '2024-10-30 18:00:00.666666');
INSERT INTO tbl5_platform_user (user_id, user_email, user_username, user_nickname, user_password, user_role, user_status, user_country, user_addr_class1, user_addr_class2, user_gender, user_birthdate, user_hobby, user_create_by, user_create_at, user_update_by, user_update_at) VALUES(0xD860626626204952B479322120D1B451, 'test28@test.com', 'test28@test.com', 'テストユーザー28', '$2a$10$wnv1o2I74gDrjKaNTU2nDubyazVMooGn42arBYinHS5/vudVsW9IS', 'USER', 0, 83, 13, 224, 1, '1999-01-10', '1,8', 0xA760626626204952CB79322120AECB51, '2024-10-30 18:00:00.666666', 0xA760626626204952CB79322120AECB51, '2024-10-30 18:00:00.666666');
INSERT INTO tbl5_platform_user (user_id, user_email, user_username, user_nickname, user_password, user_role, user_status, user_country, user_addr_class1, user_addr_class2, user_gender, user_birthdate, user_hobby, user_create_by, user_create_at, user_update_by, user_update_at) VALUES(0xD8A2B1204F202020D92320203E2020A2, 'test1@test.com', 'test1@test.com', 'テストユーザー1', '$2a$10$wnv1o2I74gDrjKaNTU2nDubyazVMooGn42arBYinHS5/vudVsW9IS', 'USER', 0, 52, 13, 112, 0, '2004-03-26', '1,2,3', 0xA7DDCE204F202020A62320203E2020DD, '2024-10-30 18:00:00.666666', 0xA7DDCE204F202020A62320203E2020DD, '2024-10-30 18:00:00.666666');
INSERT INTO tbl5_platform_user (user_id, user_email, user_username, user_nickname, user_password, user_role, user_status, user_country, user_addr_class1, user_addr_class2, user_gender, user_birthdate, user_hobby, user_create_by, user_create_at, user_update_by, user_update_at) VALUES(0xD220D67658204AAB2020414754203ACE, 'test23@test.com', 'test23@test.com', 'テストユーザー23', '$2a$10$wnv1o2I74gDrjKaNTU2nDubyazVMooGn42arBYinHS5/vudVsW9IS', 'USER', 0, 83, 13, 224, 1, '1999-01-10', '1,8', 0xAD20A97658204AD42020414754203AB1, '2024-10-30 18:00:00.666666', 0xAD20A97658204AD42020414754203AB1, '2024-10-30 18:00:00.666666');
INSERT INTO tbl5_platform_user (user_id, user_email, user_username, user_nickname, user_password, user_role, user_status, user_country, user_addr_class1, user_addr_class2, user_gender, user_birthdate, user_hobby, user_create_by, user_create_at, user_update_by, user_update_at) VALUES(0xD0202020A1204520BEDD202020BF4647, 'test95@test.com', 'test95@test.com', 'テストユーザー95', '$2a$10$wnv1o2I74gDrjKaNTU2nDubyazVMooGn42arBYinHS5/vudVsW9IS', 'USER', 0, 83, 13, 224, 1, '1999-01-10', '1,8', 0xAF202020DE204520C1A2202020C04647, '2024-10-30 18:00:00.666666', 0xAF202020DE204520C1A2202020C04647, '2024-10-30 18:00:00.666666');
INSERT INTO tbl5_platform_user (user_id, user_email, user_username, user_nickname, user_password, user_role, user_status, user_country, user_addr_class1, user_addr_class2, user_gender, user_birthdate, user_hobby, user_create_by, user_create_at, user_update_by, user_update_at) VALUES(0xCF202020D5204BCAB73462334E202020, 'test40@test.com', 'test40@test.com', 'テストユーザー40', '$2a$10$wnv1o2I74gDrjKaNTU2nDubyazVMooGn42arBYinHS5/vudVsW9IS', 'USER', 0, 83, 13, 224, 1, '1999-01-10', '1,8', 0xB0202020AA204BB5C83462334E202020, '2024-10-30 18:00:00.666666', 0xB0202020AA204BB5C83462334E202020, '2024-10-30 18:00:00.666666');
INSERT INTO tbl5_platform_user (user_id, user_email, user_username, user_nickname, user_password, user_role, user_status, user_country, user_addr_class1, user_addr_class2, user_gender, user_birthdate, user_hobby, user_create_by, user_create_at, user_update_by, user_update_at) VALUES(0xCF2020C0CB5740DE2020C02032202020, 'test26@test.com', 'test26@test.com', 'テストユーザー26', '$2a$10$wnv1o2I74gDrjKaNTU2nDubyazVMooGn42arBYinHS5/vudVsW9IS', 'USER', 0, 83, 13, 224, 1, '1999-01-10', '1,8', 0xB02020BFB45740A12020BF2032202020, '2024-10-30 18:00:00.666666', 0xB02020BFB45740A12020BF2032202020, '2024-10-30 18:00:00.666666');
INSERT INTO tbl5_platform_user (user_id, user_email, user_username, user_nickname, user_password, user_role, user_status, user_country, user_addr_class1, user_addr_class2, user_gender, user_birthdate, user_hobby, user_create_by, user_create_at, user_update_by, user_update_at) VALUES(0xCEC4AC743EB0482020204420202CCA20, 'test78@test.com', 'test78@test.com', 'テストユーザー78', '$2a$10$wnv1o2I74gDrjKaNTU2nDubyazVMooGn42arBYinHS5/vudVsW9IS', 'USER', 0, 83, 13, 224, 1, '1999-01-10', '1,8', 0xB1BBD3743ECF482020204420202CB520, '2024-10-30 18:00:00.666666', 0xB1BBD3743ECF482020204420202CB520, '2024-10-30 18:00:00.666666');
INSERT INTO tbl5_platform_user (user_id, user_email, user_username, user_nickname, user_password, user_role, user_status, user_country, user_addr_class1, user_addr_class2, user_gender, user_birthdate, user_hobby, user_create_by, user_create_at, user_update_by, user_update_at) VALUES(0xCC206B2020204A2DA220A438A5202063, 'test43@test.com', 'test43@test.com', 'テストユーザー43', '$2a$10$wnv1o2I74gDrjKaNTU2nDubyazVMooGn42arBYinHS5/vudVsW9IS', 'USER', 0, 83, 13, 224, 1, '1999-01-10', '1,8', 0xB3206B2020204A2DDD20DB38DA202063, '2024-10-30 18:00:00.666666', 0xB3206B2020204A2DDD20DB38DA202063, '2024-10-30 18:00:00.666666');
INSERT INTO tbl5_platform_user (user_id, user_email, user_username, user_nickname, user_password, user_role, user_status, user_country, user_addr_class1, user_addr_class2, user_gender, user_birthdate, user_hobby, user_create_by, user_create_at, user_update_by, user_update_at) VALUES(0xCC20314A59CF484F2076206C20202050, 'test72@test.com', 'test72@test.com', 'テストユーザー72', '$2a$10$wnv1o2I74gDrjKaNTU2nDubyazVMooGn42arBYinHS5/vudVsW9IS', 'USER', 0, 83, 13, 224, 1, '1999-01-10', '1,8', 0xB320314A59B0484F2076206C20202050, '2024-10-30 18:00:00.666666', 0xB320314A59B0484F2076206C20202050, '2024-10-30 18:00:00.666666');
INSERT INTO tbl5_platform_user (user_id, user_email, user_username, user_nickname, user_password, user_role, user_status, user_country, user_addr_class1, user_addr_class2, user_gender, user_birthdate, user_hobby, user_create_by, user_create_at, user_update_by, user_update_at) VALUES(0xC9CCA12020A5477D20A8213D20452723, 'test69@test.com', 'test69@test.com', 'テストユーザー69', '$2a$10$wnv1o2I74gDrjKaNTU2nDubyazVMooGn42arBYinHS5/vudVsW9IS', 'USER', 0, 83, 13, 224, 1, '1999-01-10', '1,8', 0xB6B3DE2020DA477D20D7213D20452723, '2024-10-30 18:00:00.666666', 0xB6B3DE2020DA477D20D7213D20452723, '2024-10-30 18:00:00.666666');
INSERT INTO tbl5_platform_user (user_id, user_email, user_username, user_nickname, user_password, user_role, user_status, user_country, user_addr_class1, user_addr_class2, user_gender, user_birthdate, user_hobby, user_create_by, user_create_at, user_update_by, user_update_at) VALUES(0xC463DC20BA284C202020522020CA4220, 'test89@test.com', 'test89@test.com', 'テストユーザー89', '$2a$10$wnv1o2I74gDrjKaNTU2nDubyazVMooGn42arBYinHS5/vudVsW9IS', 'USER', 0, 83, 13, 224, 1, '1999-01-10', '1,8', 0xBB63A320C5284C202020522020B54220, '2024-10-30 18:00:00.666666', 0xBB63A320C5284C202020522020B54220, '2024-10-30 18:00:00.666666');
INSERT INTO tbl5_platform_user (user_id, user_email, user_username, user_nickname, user_password, user_role, user_status, user_country, user_addr_class1, user_addr_class2, user_gender, user_birthdate, user_hobby, user_create_by, user_create_at, user_update_by, user_update_at) VALUES(0xBC2053C1A7204D2020C4502059205B3E, 'test91@test.com', 'test91@test.com', 'テストユーザー91', '$2a$10$wnv1o2I74gDrjKaNTU2nDubyazVMooGn42arBYinHS5/vudVsW9IS', 'USER', 0, 83, 13, 224, 1, '1999-01-10', '1,8', 0xC32053BED8204D2020BB502059205B3E, '2024-10-30 18:00:00.666666', 0xC32053BED8204D2020BB502059205B3E, '2024-10-30 18:00:00.666666');
INSERT INTO tbl5_platform_user (user_id, user_email, user_username, user_nickname, user_password, user_role, user_status, user_country, user_addr_class1, user_addr_class2, user_gender, user_birthdate, user_hobby, user_create_by, user_create_at, user_update_by, user_update_at) VALUES(0xBC59237720CF4120AD204220202052D1, 'test81@test.com', 'test81@test.com', 'テストユーザー81', '$2a$10$wnv1o2I74gDrjKaNTU2nDubyazVMooGn42arBYinHS5/vudVsW9IS', 'USER', 0, 83, 13, 224, 1, '1999-01-10', '1,8', 0xC359237720B04120D2204220202052AE, '2024-10-30 18:00:00.666666', 0xC359237720B04120D2204220202052AE, '2024-10-30 18:00:00.666666');
INSERT INTO tbl5_platform_user (user_id, user_email, user_username, user_nickname, user_password, user_role, user_status, user_country, user_addr_class1, user_addr_class2, user_gender, user_birthdate, user_hobby, user_create_by, user_create_at, user_update_by, user_update_at) VALUES(0xB8202059A1DE4523A720D1A32020B366, 'test34@test.com', 'test34@test.com', 'テストユーザー34', '$2a$10$wnv1o2I74gDrjKaNTU2nDubyazVMooGn42arBYinHS5/vudVsW9IS', 'USER', 0, 83, 13, 224, 1, '1999-01-10', '1,8', 0xC7202059DEA14523D820AEDC2020CC66, '2024-10-30 18:00:00.666666', 0xC7202059DEA14523D820AEDC2020CC66, '2024-10-30 18:00:00.666666');
INSERT INTO tbl5_platform_user (user_id, user_email, user_username, user_nickname, user_password, user_role, user_status, user_country, user_addr_class1, user_addr_class2, user_gender, user_birthdate, user_hobby, user_create_by, user_create_at, user_update_by, user_update_at) VALUES(0xB22CBC2059C24820A2B220A6775E4A22, 'test54@test.com', 'test54@test.com', 'テストユーザー54', '$2a$10$wnv1o2I74gDrjKaNTU2nDubyazVMooGn42arBYinHS5/vudVsW9IS', 'USER', 0, 83, 13, 224, 1, '1999-01-10', '1,8', 0xCD2CC32059BD4820DDCD20D9775E4A22, '2024-10-30 18:00:00.666666', 0xCD2CC32059BD4820DDCD20D9775E4A22, '2024-10-30 18:00:00.666666');
INSERT INTO tbl5_platform_user (user_id, user_email, user_username, user_nickname, user_password, user_role, user_status, user_country, user_addr_class1, user_addr_class2, user_gender, user_birthdate, user_hobby, user_create_by, user_create_at, user_update_by, user_update_at) VALUES(0xAF202020512040B020202020742065A5, 'test55@test.com', 'test55@test.com', 'テストユーザー55', '$2a$10$wnv1o2I74gDrjKaNTU2nDubyazVMooGn42arBYinHS5/vudVsW9IS', 'USER', 0, 83, 13, 224, 1, '1999-01-10', '1,8', 0xD0202020512040CF20202020742065DA, '2024-10-30 18:00:00.666666', 0xD0202020512040CF20202020742065DA, '2024-10-30 18:00:00.666666');
INSERT INTO tbl5_platform_user (user_id, user_email, user_username, user_nickname, user_password, user_role, user_status, user_country, user_addr_class1, user_addr_class2, user_gender, user_birthdate, user_hobby, user_create_by, user_create_at, user_update_by, user_update_at) VALUES(0xAF7ECECB28744FB62020202023A5BE20, 'test11@test.com', 'test11@test.com', 'テストユーザー11', '$2a$10$wnv1o2I74gDrjKaNTU2nDubyazVMooGn42arBYinHS5/vudVsW9IS', 'USER', 0, 83, 13, 224, 1, '1999-01-10', '1,8', 0xD07EB1B428744FC92020202023DAC120, '2024-10-30 18:00:00.666666', 0xD07EB1B428744FC92020202023DAC120, '2024-10-30 18:00:00.666666');
INSERT INTO tbl5_platform_user (user_id, user_email, user_username, user_nickname, user_password, user_role, user_status, user_country, user_addr_class1, user_addr_class2, user_gender, user_birthdate, user_hobby, user_create_by, user_create_at, user_update_by, user_update_at) VALUES(0xA72032C05F20452020B6202039202E20, 'test80@test.com', 'test80@test.com', 'テストユーザー80', '$2a$10$wnv1o2I74gDrjKaNTU2nDubyazVMooGn42arBYinHS5/vudVsW9IS', 'USER', 0, 83, 13, 224, 1, '1999-01-10', '1,8', 0xD82032BF5F20452020C9202039202E20, '2024-10-30 18:00:00.666666', 0xD82032BF5F20452020C9202039202E20, '2024-10-30 18:00:00.666666');
INSERT INTO tbl5_platform_user (user_id, user_email, user_username, user_nickname, user_password, user_role, user_status, user_country, user_addr_class1, user_addr_class2, user_gender, user_birthdate, user_hobby, user_create_by, user_create_at, user_update_by, user_update_at) VALUES(0xA543205434CA4C41BC532020205B2078, 'test98@test.com', 'test98@test.com', 'テストユーザー98', '$2a$10$wnv1o2I74gDrjKaNTU2nDubyazVMooGn42arBYinHS5/vudVsW9IS', 'USER', 0, 83, 13, 224, 1, '1999-01-10', '1,8', 0xDA43205434B54C41C3532020205B2078, '2024-10-30 18:00:00.666666', 0xDA43205434B54C41C3532020205B2078, '2024-10-30 18:00:00.666666');
-- tbl8_comment
truncate table tbl8_comment;
INSERT INTO tbl8_comment (comment_id, shop_id, comment_point, comment_text, comment_status, comment_create_by, comment_create_at, comment_update_by, comment_update_at) VALUES(1, 3, 5, '这家火锅店的火锅非常好吃，锅底丰富多样，服务也很到位，非常推荐！', 0, 0x20B23222772042CBB2B42020234A203B, '2024-09-09 09:21:11.123456', 0x20B23222772042CBB2B42020234A203B, '2024-09-09 09:21:11.123456');
INSERT INTO tbl8_comment (comment_id, shop_id, comment_point, comment_text, comment_status, comment_create_by, comment_create_at, comment_update_by, comment_update_at) VALUES(2, 3, 4, '火鍋のスープがとても美味しく、サービスも良かったです。また行きたいです。', 0, 0x4D2020ADAA5C4720202020B42020686B, '2024-09-09 10:30:45.654321', 0x4D2020ADAA5C4720202020B42020686B, '2024-09-09 10:30:45.654321');
INSERT INTO tbl8_comment (comment_id, shop_id, comment_point, comment_text, comment_status, comment_create_by, comment_create_at, comment_update_by, comment_update_at) VALUES(3, 3, 2, '火锅的味道还行，但环境有些嘈杂，服务也一般。', 0, 0xCC206B2020204A2DA220A438A5202063, '2024-09-09 11:12:56.789012', 0xCC206B2020204A2DA220A438A5202063, '2024-09-09 11:12:56.789012');
INSERT INTO tbl8_comment (comment_id, shop_id, comment_point, comment_text, comment_status, comment_create_by, comment_create_at, comment_update_by, comment_update_at) VALUES(4, 3, 1, '味もサービスも期待外れでした。あまり満足できなかった。', 0, 0x20CF20767820462020C62035204A3E6D, '2024-09-09 12:05:32.345678', 0x20CF20767820462020C62035204A3E6D, '2024-09-09 12:05:32.345678');
INSERT INTO tbl8_comment (comment_id, shop_id, comment_point, comment_text, comment_status, comment_create_by, comment_create_at, comment_update_by, comment_update_at) VALUES(5, 3, 4, '这家火锅店真的是超赞，菜品新鲜，火锅底料很好，服务员也非常热情。', 0, 0x4ECA20D061A8412020BF2028D36C2020, '2024-09-09 13:45:23.456789', 0x4ECA20D061A8412020BF2028D36C2020, '2024-09-09 13:45:23.456789');
INSERT INTO tbl8_comment (comment_id, shop_id, comment_point, comment_text, comment_status, comment_create_by, comment_create_at, comment_update_by, comment_update_at) VALUES(6, 3, 3, '美味しい火鍋で、スタッフの対応も良いです。リラックスできる場所です。', 0, 0x20333A20B75242CD2020202020C74C20, '2024-09-09 14:32:11.987654', 0x20333A20B75242CD2020202020C74C20, '2024-09-09 14:32:11.987654');
INSERT INTO tbl8_comment (comment_id, shop_id, comment_point, comment_text, comment_status, comment_create_by, comment_create_at, comment_update_by, comment_update_at) VALUES(7, 3, 3, '火锅味道一般，服务态度也普通，环境有些拥挤。', 0, 0x20C0CE5348204979207AAACC723E20B7, '2024-09-09 15:23:45.678901', 0x20C0CE5348204979207AAACC723E20B7, '2024-09-09 15:23:45.678901');
INSERT INTO tbl8_comment (comment_id, shop_id, comment_point, comment_text, comment_status, comment_create_by, comment_create_at, comment_update_by, comment_update_at) VALUES(8, 3, 2, '料理もサービスもがっかりでした。もう行きたくないです。', 0, 0x2051206A20204FAB202020272020C020, '2024-09-09 16:14:56.789012', 0x2051206A20204FAB202020272020C020, '2024-09-09 16:14:56.789012');
INSERT INTO tbl8_comment (comment_id, shop_id, comment_point, comment_text, comment_status, comment_create_by, comment_create_at, comment_update_by, comment_update_at) VALUES(9, 3, 5, '这是一家非常棒的火锅店，菜品丰富，火锅底料非常美味，服务也很周到。', 0, 0x5679257A203E4A202020D220C0B12F59, '2024-09-09 17:05:12.345678', 0x5679257A203E4A202020D220C0B12F59, '2024-09-09 17:05:12.345678');
INSERT INTO tbl8_comment (comment_id, shop_id, comment_point, comment_text, comment_status, comment_create_by, comment_create_at, comment_update_by, comment_update_at) VALUES(10, 3, 4, '火鍋がとても美味しく、サービスも良かったです。また行きます。', 0, 0x4FB2206AD02040CE202059B120A93F20, '2024-09-09 18:23:45.678901', 0x4FB2206AD02040CE202059B120A93F20, '2024-09-09 18:23:45.678901');
INSERT INTO tbl8_comment (comment_id, shop_id, comment_point, comment_text, comment_status, comment_create_by, comment_create_at, comment_update_by, comment_update_at) VALUES(11, 3, 3, '火锅的味道一般，服务也没什么特别的，整体体验普通。', 0, 0x202020204F204ADEB5B8202020202020, '2024-09-10 08:23:45.678901', 0x202020204F204ADEB5B8202020202020, '2024-09-10 08:23:45.678901');
INSERT INTO tbl8_comment (comment_id, shop_id, comment_point, comment_text, comment_status, comment_create_by, comment_create_at, comment_update_by, comment_update_at) VALUES(12, 3, 2, 'サービスも料理も残念でした。もう行きたくないです。', 0, 0x2E202070207E452CB82FD1C8C5C52078, '2024-09-10 09:35:56.789012', 0x2E202070207E452CB82FD1C8C5C52078, '2024-09-10 09:35:56.789012');
INSERT INTO tbl8_comment (comment_id, shop_id, comment_point, comment_text, comment_status, comment_create_by, comment_create_at, comment_update_by, comment_update_at) VALUES(13, 3, 4, '这家火锅店非常好，锅底的味道浓郁，菜品新鲜，服务也很贴心。', 0, 0x2020227420C74178B1207168205B204C, '2024-09-10 10:45:12.345678', 0x2020227420C74178B1207168205B204C, '2024-09-10 10:45:12.345678');
INSERT INTO tbl8_comment (comment_id, shop_id, comment_point, comment_text, comment_status, comment_create_by, comment_create_at, comment_update_by, comment_update_at) VALUES(14, 3, 4, '美味しい火鍋で、サービスも良かったです。また行きます。', 0, 0xB22CBC2059C24820A2B220A6775E4A22, '2024-09-10 11:56:23.456789', 0xB22CBC2059C24820A2B220A6775E4A22, '2024-09-10 11:56:23.456789');
INSERT INTO tbl8_comment (comment_id, shop_id, comment_point, comment_text, comment_status, comment_create_by, comment_create_at, comment_update_by, comment_update_at) VALUES(15, 3, 3, '火锅的味道不错，但服务和环境都还可以再提升。', 0, 0xAF202020512040B020202020742065A5, '2024-09-10 12:34:56.789012', 0xAF202020512040B020202020742065A5, '2024-09-10 12:34:56.789012');
INSERT INTO tbl8_comment (comment_id, shop_id, comment_point, comment_text, comment_status, comment_create_by, comment_create_at, comment_update_by, comment_update_at) VALUES(16, 3, 2, '料理もサービスも期待外れでした。残念な体験でした。', 0, 0x20C42A5D20204520AA20292020322020, '2024-09-10 13:45:23.456789', 0x20C42A5D20204520AA20292020322020, '2024-09-10 13:45:23.456789');
INSERT INTO tbl8_comment (comment_id, shop_id, comment_point, comment_text, comment_status, comment_create_by, comment_create_at, comment_update_by, comment_update_at) VALUES(17, 3, 4, '这家火锅店超出我的期待，火锅底料非常好，服务也很棒，非常满意。', 0, 0x3926AA20D8CC4820207E203F57592020, '2024-09-10 14:56:34.567890', 0x3926AA20D8CC4820207E203F57592020, '2024-09-10 14:56:34.567890');
INSERT INTO tbl8_comment (comment_id, shop_id, comment_point, comment_text, comment_status, comment_create_by, comment_create_at, comment_update_by, comment_update_at) VALUES(18, 3, 4, 'とても美味しい火鍋で、スタッフの対応も良かったです。また来ます。', 0, 0x624F20B247704A20BA69C55ABB202020, '2024-09-10 15:23:45.678901', 0x624F20B247704A20BA69C55ABB202020, '2024-09-10 15:23:45.678901');
INSERT INTO tbl8_comment (comment_id, shop_id, comment_point, comment_text, comment_status, comment_create_by, comment_create_at, comment_update_by, comment_update_at) VALUES(19, 4, 5, '这家涮羊肉火锅店真的很棒，羊肉新鲜，汤底味道很赞，服务也很周到。', 0, 0xD8A2B1204F202020D92320203E2020A2, '2024-09-09 09:21:11.123456', 0xD8A2B1204F202020D92320203E2020A2, '2024-09-09 09:21:11.123456');
INSERT INTO tbl8_comment (comment_id, shop_id, comment_point, comment_text, comment_status, comment_create_by, comment_create_at, comment_update_by, comment_update_at) VALUES(20, 4, 4, '羊肉の品質が高く、スープも美味しかったです。サービスも良好で、また行きたいです。', 0, 0x20383B204F202020D92320203E2020A2, '2024-09-09 10:30:45.654321', 0x20383B204F202020D92320203E2020A2, '2024-09-09 10:30:45.654321');
INSERT INTO tbl8_comment (comment_id, shop_id, comment_point, comment_text, comment_status, comment_create_by, comment_create_at, comment_update_by, comment_update_at) VALUES(21, 4, 3, '火锅的羊肉还不错，但汤底味道一般，服务也有待提高。', 0, 0x203841204F202020D92320203E2020A2, '2024-09-09 11:12:56.789012', 0x203841204F202020D92320203E2020A2, '2024-09-09 11:12:56.789012');
INSERT INTO tbl8_comment (comment_id, shop_id, comment_point, comment_text, comment_status, comment_create_by, comment_create_at, comment_update_by, comment_update_at) VALUES(22, 4, 2, '羊肉の質もサービスも期待外れでした。あまり満足できなかった。', 0, 0x203843DA4F202020D92320203E2020A2, '2024-09-09 12:05:32.345678', 0x203843DA4F202020D92320203E2020A2, '2024-09-09 12:05:32.345678');
INSERT INTO tbl8_comment (comment_id, shop_id, comment_point, comment_text, comment_status, comment_create_by, comment_create_at, comment_update_by, comment_update_at) VALUES(23, 4, 4, '这家店的涮羊肉火锅真心好吃，羊肉很嫩，汤底很有味道，服务也很热情。', 0, 0x203844324F202020D92320203E2020A2, '2024-09-09 13:45:23.456789', 0x203844324F202020D92320203E2020A2, '2024-09-09 13:45:23.456789');
INSERT INTO tbl8_comment (comment_id, shop_id, comment_point, comment_text, comment_status, comment_create_by, comment_create_at, comment_update_by, comment_update_at) VALUES(24, 4, 4, '美味しい羊肉とスープで、サービスも良かったです。楽しい食事でした。', 0, 0x203844BD4F202020D92320203E2020A2, '2024-09-09 14:32:11.987654', 0x203844BD4F202020D92320203E2020A2, '2024-09-09 14:32:11.987654');
INSERT INTO tbl8_comment (comment_id, shop_id, comment_point, comment_text, comment_status, comment_create_by, comment_create_at, comment_update_by, comment_update_at) VALUES(25, 4, 3, '羊肉的质量还可以，但火锅的整体体验一般，服务也很普通。', 0, 0x203845494F202020D92320203E2020A2, '2024-09-09 15:23:45.678901', 0x203845494F202020D92320203E2020A2, '2024-09-09 15:23:45.678901');
INSERT INTO tbl8_comment (comment_id, shop_id, comment_point, comment_text, comment_status, comment_create_by, comment_create_at, comment_update_by, comment_update_at) VALUES(26, 4, 2, '料理もサービスも期待外れでした。再訪はないです。', 0, 0x203845204F202020D92320203E2020A2, '2024-09-09 16:14:56.789012', 0x203845204F202020D92320203E2020A2, '2024-09-09 16:14:56.789012');
INSERT INTO tbl8_comment (comment_id, shop_id, comment_point, comment_text, comment_status, comment_create_by, comment_create_at, comment_update_by, comment_update_at) VALUES(27, 4, 4, '这是一家非常好的涮羊肉火锅店，羊肉非常鲜嫩，汤底也很浓郁，服务员态度很好。', 0, 0x203846204F202020D92320203E2020A2, '2024-09-09 17:05:12.345678', 0x203846204F202020D92320203E2020A2, '2024-09-09 17:05:12.345678');
INSERT INTO tbl8_comment (comment_id, shop_id, comment_point, comment_text, comment_status, comment_create_by, comment_create_at, comment_update_by, comment_update_at) VALUES(28, 4, 4, '美味しい羊肉とスープで、サービスも良かったです。また来ます。', 0, 0x203847204F202020D92320203E2020A2, '2024-09-09 18:23:45.678901', 0x203847204F202020D92320203E2020A2, '2024-09-09 18:23:45.678901');
INSERT INTO tbl8_comment (comment_id, shop_id, comment_point, comment_text, comment_status, comment_create_by, comment_create_at, comment_update_by, comment_update_at) VALUES(29, 4, 3, '羊肉的品质一般，火锅底料的味道也很普通，服务也还好。', 0, 0xAF7ECECB28744FB62020202023A5BE20, '2024-09-10 08:23:45.678901', 0xAF7ECECB28744FB62020202023A5BE20, '2024-09-10 08:23:45.678901');
INSERT INTO tbl8_comment (comment_id, shop_id, comment_point, comment_text, comment_status, comment_create_by, comment_create_at, comment_update_by, comment_update_at) VALUES(30, 4, 2, 'サービスも料理も期待外れでした。残念な体験でした。', 0, 0x6E2020DEB0204420A5A7207141CACF51, '2024-09-10 09:35:56.789012', 0x6E2020DEB0204420A5A7207141CACF51, '2024-09-10 09:35:56.789012');
INSERT INTO tbl8_comment (comment_id, shop_id, comment_point, comment_text, comment_status, comment_create_by, comment_create_at, comment_update_by, comment_update_at) VALUES(31, 4, 4, '非常满意的一家涮羊肉火锅店，羊肉质优，汤底非常美味，服务也很到位。', 0, 0x20CF374B33204820BAB8DE2073532020, '2024-09-10 10:45:12.345678', 0x20CF374B33204820BAB8DE2073532020, '2024-09-10 10:45:12.345678');
INSERT INTO tbl8_comment (comment_id, shop_id, comment_point, comment_text, comment_status, comment_create_by, comment_create_at, comment_update_by, comment_update_at) VALUES(32, 4, 4, 'とても美味しい羊肉とスープで、サービスも良かったです。また来ます。', 0, 0x7B20204EB6204620A820AF78DD5C20C1, '2024-09-10 11:56:23.456789', 0x7B20204EB6204620A820AF78DD5C20C1, '2024-09-10 11:56:23.456789');
INSERT INTO tbl8_comment (comment_id, shop_id, comment_point, comment_text, comment_status, comment_create_by, comment_create_at, comment_update_by, comment_update_at) VALUES(33, 4, 3, '火锅的羊肉还可以，但汤底味道一般，服务也无特别之处。', 0, 0x6420202020BC444420392020D0BE20AD, '2024-09-10 12:34:56.789012', 0x6420202020BC444420392020D0BE20AD, '2024-09-10 12:34:56.789012');
INSERT INTO tbl8_comment (comment_id, shop_id, comment_point, comment_text, comment_status, comment_create_by, comment_create_at, comment_update_by, comment_update_at) VALUES(34, 4, 2, '料理もサービスも残念でした。再訪はないです。', 0, 0x26CB20C56F20494CAB662070207E3245, '2024-09-10 13:45:23.456789', 0x26CB20C56F20494CAB662070207E3245, '2024-09-10 13:45:23.456789');
INSERT INTO tbl8_comment (comment_id, shop_id, comment_point, comment_text, comment_status, comment_create_by, comment_create_at, comment_update_by, comment_update_at) VALUES(35, 4, 5, '这家火锅店的羊肉非常嫩，火锅底料也很有味道，服务员态度很好，非常满意。', 0, 0x2020202120C84520A2202020AE202020, '2024-09-10 14:56:34.567890', 0x2020202120C84520A2202020AE202020, '2024-09-10 14:56:34.567890');
INSERT INTO tbl8_comment (comment_id, shop_id, comment_point, comment_text, comment_status, comment_create_by, comment_create_at, comment_update_by, comment_update_at) VALUES(36, 4, 4, '羊肉がとても美味しく、スープも良かったです。サービスも良いです。', 0, 0x2D205ADCDD424F59B5B3206B20202053, '2024-09-10 12:56:34.567890', 0x2D205ADCDD424F59B5B3206B20202053, '2024-09-10 12:56:34.567890');
INSERT INTO tbl8_comment (comment_id, shop_id, comment_point, comment_text, comment_status, comment_create_by, comment_create_at, comment_update_by, comment_update_at) VALUES(37, 7, 4, '这家四川火锅店非常棒，麻辣味道正宗，火锅底料香气扑鼻，服务也很到位。', 0, 0x3F704D65494E47AFA220662020A5D320, '2024-09-09 09:21:11.123456', 0x3F704D65494E47AFA220662020A5D320, '2024-09-09 09:21:11.123456');
INSERT INTO tbl8_comment (comment_id, shop_id, comment_point, comment_text, comment_status, comment_create_by, comment_create_at, comment_update_by, comment_update_at) VALUES(38, 7, 4, '四川風味の火鍋がとても美味しかったです。スープの辛さもちょうど良く、また行きたいです。', 0, 0xCC20314A59CF484F2076206C20202050, '2024-09-09 10:30:45.654321', 0xCC20314A59CF484F2076206C20202050, '2024-09-09 10:30:45.654321');
INSERT INTO tbl8_comment (comment_id, shop_id, comment_point, comment_text, comment_status, comment_create_by, comment_create_at, comment_update_by, comment_update_at) VALUES(39, 7, 3, '火锅的味道还行，但麻辣程度没有达到我的期望，服务也有些慢。', 0, 0x2120422720B34B4AB2A6322020202020, '2024-09-09 11:12:56.789012', 0x2120422720B34B4AB2A6322020202020, '2024-09-09 11:12:56.789012');
INSERT INTO tbl8_comment (comment_id, shop_id, comment_point, comment_text, comment_status, comment_create_by, comment_create_at, comment_update_by, comment_update_at) VALUES(40, 7, 3, '四川火鍋の辛さが足りず、料理もサービスも残念でした。あまり満足できなかった。', 0, 0x206676202031464BA1202220792F206B, '2024-09-09 12:05:32.345678', 0x206676202031464BA1202220792F206B, '2024-09-09 12:05:32.345678');
INSERT INTO tbl8_comment (comment_id, shop_id, comment_point, comment_text, comment_status, comment_create_by, comment_create_at, comment_update_by, comment_update_at) VALUES(41, 7, 4, '这家店的四川火锅超出我的期待，麻辣锅底非常有味道，菜品也很新鲜。', 0, 0x4E6C202E43204820BEAA2020384959D3, '2024-09-09 13:45:23.456789', 0x4E6C202E43204820BEAA2020384959D3, '2024-09-09 13:45:23.456789');
INSERT INTO tbl8_comment (comment_id, shop_id, comment_point, comment_text, comment_status, comment_create_by, comment_create_at, comment_update_by, comment_update_at) VALUES(42, 7, 4, '辛い火鍋がとても美味しく、サービスも良かったです。また行きます。', 0, 0x3F20677C2029482020C92320A27C20DB, '2024-09-09 14:32:11.987654', 0x3F20677C2029482020C92320A27C20DB, '2024-09-09 14:32:11.987654');
INSERT INTO tbl8_comment (comment_id, shop_id, comment_point, comment_text, comment_status, comment_create_by, comment_create_at, comment_update_by, comment_update_at) VALUES(43, 7, 3, '火锅味道还不错，但是麻辣味不够足，整体体验一般。', 0, 0x203F342020DD43BC2078203A5678D143, '2024-09-09 15:23:45.678901', 0x203F342020DD43BC2078203A5678D143, '2024-09-09 15:23:45.678901');
INSERT INTO tbl8_comment (comment_id, shop_id, comment_point, comment_text, comment_status, comment_create_by, comment_create_at, comment_update_by, comment_update_at) VALUES(44, 7, 2, '料理もサービスも期待外れでした。もう行きたくないです。', 0, 0xCEC4AC743EB0482020204420202CCA20, '2024-09-09 16:14:56.789012', 0xCEC4AC743EB0482020204420202CCA20, '2024-09-09 16:14:56.789012');
INSERT INTO tbl8_comment (comment_id, shop_id, comment_point, comment_text, comment_status, comment_create_by, comment_create_at, comment_update_by, comment_update_at) VALUES(45, 7, 5, '这家四川火锅店真的是超赞，麻辣锅底的味道非常正宗，菜品也很丰富。', 0, 0x20D320302A204C2020C42020207774DB, '2024-09-09 17:05:12.345678', 0x20D320302A204C2020C42020207774DB, '2024-09-09 17:05:12.345678');
INSERT INTO tbl8_comment (comment_id, shop_id, comment_point, comment_text, comment_status, comment_create_by, comment_create_at, comment_update_by, comment_update_at) VALUES(46, 7, 4, '美味しい四川火鍋で、スープの辛さもちょうど良かったです。また来ます。', 0, 0xA72032C05F20452020B6202039202E20, '2024-09-09 18:23:45.678901', 0xA72032C05F20452020B6202039202E20, '2024-09-09 18:23:45.678901');
INSERT INTO tbl8_comment (comment_id, shop_id, comment_point, comment_text, comment_status, comment_create_by, comment_create_at, comment_update_by, comment_update_at) VALUES(47, 7, 3, '火锅的麻辣味还不错，但总体感觉还有提升的空间，服务也一般。', 0, 0xBC59237720CF4120AD204220202052D1, '2024-09-10 08:23:45.678901', 0xBC59237720CF4120AD204220202052D1, '2024-09-10 08:23:45.678901');
INSERT INTO tbl8_comment (comment_id, shop_id, comment_point, comment_text, comment_status, comment_create_by, comment_create_at, comment_update_by, comment_update_at) VALUES(48, 7, 2, 'サービスも料理も残念でした。期待していたほどではなかった。', 0, 0x5520202045204722A9205620DE202020, '2024-09-10 09:35:56.789012', 0x5520202045204722A9205620DE202020, '2024-09-10 09:35:56.789012');
INSERT INTO tbl8_comment (comment_id, shop_id, comment_point, comment_text, comment_status, comment_create_by, comment_create_at, comment_update_by, comment_update_at) VALUES(49, 7, 5, '非常满意的四川火锅店，麻辣锅底非常过瘾，菜品丰富多样，服务也很周到。', 0, 0xD95D205BBCB54052205820CE6A7EC420, '2024-09-10 10:45:12.345678', 0xD95D205BBCB54052205820CE6A7EC420, '2024-09-10 10:45:12.345678');
INSERT INTO tbl8_comment (comment_id, shop_id, comment_point, comment_text, comment_status, comment_create_by, comment_create_at, comment_update_by, comment_update_at) VALUES(50, 7, 4, '四川風味の火鍋がとても美味しかったです。スープの辛さも良く、サービスも良かったです。', 0, 0x6720532020204320202025D820202024, '2024-09-10 11:56:23.456789', 0x6720532020204320202025D820202024, '2024-09-10 11:56:23.456789');
INSERT INTO tbl8_comment (comment_id, shop_id, comment_point, comment_text, comment_status, comment_create_by, comment_create_at, comment_update_by, comment_update_at) VALUES(51, 7, 3, '火锅的麻辣味还可以，服务态度也一般，总体感觉一般。', 0, 0x2020275E20494C6DB2204720D6786EB3, '2024-09-10 12:34:56.789012', 0x2020275E20494C6DB2204720D6786EB3, '2024-09-10 12:34:56.789012');
INSERT INTO tbl8_comment (comment_id, shop_id, comment_point, comment_text, comment_status, comment_create_by, comment_create_at, comment_update_by, comment_update_at) VALUES(52, 7, 2, '料理もサービスも残念でした。もう行きたくないです。', 0, 0x203B70D020C74CB0205720C371332DB7, '2024-09-10 13:45:23.456789', 0x203B70D020C74CB0205720C371332DB7, '2024-09-10 13:45:23.456789');
INSERT INTO tbl8_comment (comment_id, shop_id, comment_point, comment_text, comment_status, comment_create_by, comment_create_at, comment_update_by, comment_update_at) VALUES(53, 7, 5, '这家火锅店的麻辣锅底非常过瘾，菜品新鲜，服务也很贴心，非常满意。', 0, 0x762A632020714C20206C53D0D7D02020, '2024-09-10 14:56:34.567890', 0x762A632020714C20206C53D0D7D02020, '2024-09-10 14:56:34.567890');
INSERT INTO tbl8_comment (comment_id, shop_id, comment_point, comment_text, comment_status, comment_create_by, comment_create_at, comment_update_by, comment_update_at) VALUES(54, 7, 4, '美味しい四川火鍋で、サービスも良かったです。また来ます。', 0, 0x602031205A2042BF20AB4ABF6FD02047, '2024-09-10 11:56:34.567890', 0x602031205A2042BF20AB4ABF6FD02047, '2024-09-10 11:56:34.567890');
INSERT INTO tbl8_comment (comment_id, shop_id, comment_point, comment_text, comment_status, comment_create_by, comment_create_at, comment_update_by, comment_update_at) VALUES(55, 1, 4, '这家烧烤店的肉质非常新鲜，烧烤的味道极好，服务也非常热情周到。', 0, 0x5B20D5AE394D4266202064CD20206A20, '2024-09-09 09:21:11.123456', 0x5B20D5AE394D4266202064CD20206A20, '2024-09-09 09:21:11.123456');
INSERT INTO tbl8_comment (comment_id, shop_id, comment_point, comment_text, comment_status, comment_create_by, comment_create_at, comment_update_by, comment_update_at) VALUES(56, 1, 4, '焼き肉の質がとても良く、サービスも良かったです。また来たいと思います。', 0, 0x333E20A135204220B32040D2C02020DE, '2024-09-09 10:30:45.654321', 0x333E20A135204220B32040D2C02020DE, '2024-09-09 10:30:45.654321');
INSERT INTO tbl8_comment (comment_id, shop_id, comment_point, comment_text, comment_status, comment_create_by, comment_create_at, comment_update_by, comment_update_at) VALUES(57, 1, 3, '烧烤的味道一般，虽然肉质还不错，但整体体验还有待提高。', 0, 0x44207226D6204D38202020DAA5203320, '2024-09-09 11:12:56.789012', 0x44207226D6204D38202020DAA5203320, '2024-09-09 11:12:56.789012');
INSERT INTO tbl8_comment (comment_id, shop_id, comment_point, comment_text, comment_status, comment_create_by, comment_create_at, comment_update_by, comment_update_at) VALUES(58, 1, 2, '焼き肉の味が期待外れでした。料理もサービスも不満が残ります。', 0, 0x20AB2037BE7149752020203467C44020, '2024-09-09 12:05:32.345678', 0x20AB2037BE7149752020203467C44020, '2024-09-09 12:05:32.345678');
INSERT INTO tbl8_comment (comment_id, shop_id, comment_point, comment_text, comment_status, comment_create_by, comment_create_at, comment_update_by, comment_update_at) VALUES(59, 1, 4, '这家烧烤店的肉质和调味都很出色，服务也很到位，是我吃过的最好的一家烧烤店。', 0, 0x20DEBB207C7D4D4E20205DA420752020, '2024-09-09 13:45:23.456789', 0x20DEBB207C7D4D4E20205DA420752020, '2024-09-09 13:45:23.456789');
INSERT INTO tbl8_comment (comment_id, shop_id, comment_point, comment_text, comment_status, comment_create_by, comment_create_at, comment_update_by, comment_update_at) VALUES(60, 1, 4, '美味しい焼き肉で、サービスも良かったです。また来たいです。', 0, 0x3C20773F3B3B4D20A75D6A2720202E3F, '2024-09-09 14:32:11.987654', 0x3C20773F3B3B4D20A75D6A2720202E3F, '2024-09-09 14:32:11.987654');
INSERT INTO tbl8_comment (comment_id, shop_id, comment_point, comment_text, comment_status, comment_create_by, comment_create_at, comment_update_by, comment_update_at) VALUES(61, 1, 3, '烧烤的味道还可以，但整体服务和环境还有提升的空间。', 0, 0x2E206058CFAD4E5B207020BE20422020, '2024-09-09 15:23:45.678901', 0x2E206058CFAD4E5B207020BE20422020, '2024-09-09 15:23:45.678901');
INSERT INTO tbl8_comment (comment_id, shop_id, comment_point, comment_text, comment_status, comment_create_by, comment_create_at, comment_update_by, comment_update_at) VALUES(62, 1, 2, '料理もサービスも残念でした。再訪はないです。', 0, 0x20752720C9D44C2020C67020456B4F20, '2024-09-09 16:14:56.789012', 0x20752720C9D44C2020C67020456B4F20, '2024-09-09 16:14:56.789012');
INSERT INTO tbl8_comment (comment_id, shop_id, comment_point, comment_text, comment_status, comment_create_by, comment_create_at, comment_update_by, comment_update_at) VALUES(63, 1, 4, '这家烧烤店真的是一绝，肉质鲜嫩，调味绝佳，服务也非常好。', 0, 0xC9CCA12020A5477D20A8213D20452723, '2024-09-09 17:05:12.345678', 0xC9CCA12020A5477D20A8213D20452723, '2024-09-09 17:05:12.345678');
INSERT INTO tbl8_comment (comment_id, shop_id, comment_point, comment_text, comment_status, comment_create_by, comment_create_at, comment_update_by, comment_update_at) VALUES(64, 1, 4, '焼き肉の質が非常に高く、サービスも良好でした。また来たいと思います。', 0, 0x79202076B6BA4020ACC47CA920694320, '2024-09-09 18:23:45.678901', 0x79202076B6BA4020ACC47CA920694320, '2024-09-09 18:23:45.678901');
INSERT INTO tbl8_comment (comment_id, shop_id, comment_point, comment_text, comment_status, comment_create_by, comment_create_at, comment_update_by, comment_update_at) VALUES(65, 1, 3, '烧烤的口味还不错，但是环境和服务体验还有待提升。', 0, 0x3F704D65494E47AFA220662020A5D320, '2024-09-10 08:23:45.678901', 0x3F704D65494E47AFA220662020A5D320, '2024-09-10 08:23:45.678901');
INSERT INTO tbl8_comment (comment_id, shop_id, comment_point, comment_text, comment_status, comment_create_by, comment_create_at, comment_update_by, comment_update_at) VALUES(66, 1, 2, '料理もサービスも期待外れでした。再訪はないです。', 0, 0xCC20314A59CF484F2076206C20202050, '2024-09-10 09:35:56.789012', 0xCC20314A59CF484F2076206C20202050, '2024-09-10 09:35:56.789012');
INSERT INTO tbl8_comment (comment_id, shop_id, comment_point, comment_text, comment_status, comment_create_by, comment_create_at, comment_update_by, comment_update_at) VALUES(67, 1, 4, '这家烧烤店的肉质非常好，调味也很到位，服务人员非常友善。', 0, 0x2120422720B34B4AB2A6322020202020, '2024-09-10 10:45:12.345678', 0x2120422720B34B4AB2A6322020202020, '2024-09-10 10:45:12.345678');
INSERT INTO tbl8_comment (comment_id, shop_id, comment_point, comment_text, comment_status, comment_create_by, comment_create_at, comment_update_by, comment_update_at) VALUES(68, 1, 4, '美味しい焼き肉で、サービスも良好でした。また行きます。', 0, 0x206676202031464BA1202220792F206B, '2024-09-10 11:56:23.456789', 0x206676202031464BA1202220792F206B, '2024-09-10 11:56:23.456789');
INSERT INTO tbl8_comment (comment_id, shop_id, comment_point, comment_text, comment_status, comment_create_by, comment_create_at, comment_update_by, comment_update_at) VALUES(69, 1, 3, '烧烤的味道还不错，但是服务态度和环境还有提升的空间。', 0, 0x4E6C202E43204820BEAA2020384959D3, '2024-09-10 12:34:56.789012', 0x4E6C202E43204820BEAA2020384959D3, '2024-09-10 12:34:56.789012');
INSERT INTO tbl8_comment (comment_id, shop_id, comment_point, comment_text, comment_status, comment_create_by, comment_create_at, comment_update_by, comment_update_at) VALUES(70, 1, 2, '料理もサービスも期待外れでした。もう行きたくないです。', 0, 0x3F20677C2029482020C92320A27C20DB, '2024-09-10 13:45:23.456789', 0x3F20677C2029482020C92320A27C20DB, '2024-09-10 13:45:23.456789');
INSERT INTO tbl8_comment (comment_id, shop_id, comment_point, comment_text, comment_status, comment_create_by, comment_create_at, comment_update_by, comment_update_at) VALUES(71, 1, 5, '这家烧烤店的肉质和调味都非常棒，服务也很到位，值得推荐。', 0, 0x203F342020DD43BC2078203A5678D143, '2024-09-10 14:56:34.567890', 0x203F342020DD43BC2078203A5678D143, '2024-09-10 14:56:34.567890');
INSERT INTO tbl8_comment (comment_id, shop_id, comment_point, comment_text, comment_status, comment_create_by, comment_create_at, comment_update_by, comment_update_at) VALUES(72, 1, 4, '焼き肉がとても美味しく、サービスも良かったです。また来ます。', 0, 0xCEC4AC743EB0482020204420202CCA20, '2024-09-10 15:56:23.456789', 0xCEC4AC743EB0482020204420202CCA20, '2024-09-10 15:56:23.456789');
INSERT INTO tbl8_comment (comment_id, shop_id, comment_point, comment_text, comment_status, comment_create_by, comment_create_at, comment_update_by, comment_update_at) VALUES(73, 8, 5, '这家烧烤店的肉质非常好，调味非常到位，服务也很贴心，非常推荐。', 0, 0x202020204F204ADEB5B8202020202020, '2024-09-09 09:21:11.123456', 0x202020204F204ADEB5B8202020202020, '2024-09-09 09:21:11.123456');
INSERT INTO tbl8_comment (comment_id, shop_id, comment_point, comment_text, comment_status, comment_create_by, comment_create_at, comment_update_by, comment_update_at) VALUES(74, 8, 4, '焼き肉の味がとても良く、サービスも良かったです。又行きたいと思います。', 0, 0x2E202070207E452CB82FD1C8C5C52078, '2024-09-09 10:30:45.654321', 0x2E202070207E452CB82FD1C8C5C52078, '2024-09-09 10:30:45.654321');
INSERT INTO tbl8_comment (comment_id, shop_id, comment_point, comment_text, comment_status, comment_create_by, comment_create_at, comment_update_by, comment_update_at) VALUES(75, 8, 3, '烧烤的口味还不错，但总体体验一般，环境和服务还有待提高。', 0, 0x2020227420C74178B1207168205B204C, '2024-09-09 11:12:56.789012', 0x2020227420C74178B1207168205B204C, '2024-09-09 11:12:56.789012');
INSERT INTO tbl8_comment (comment_id, shop_id, comment_point, comment_text, comment_status, comment_create_by, comment_create_at, comment_update_by, comment_update_at) VALUES(76, 8, 2, '焼き肉の質が期待外れで、サービスもいまいちでした。再訪はないです。', 0, 0xB22CBC2059C24820A2B220A6775E4A22, '2024-09-09 12:05:32.345678', 0xB22CBC2059C24820A2B220A6775E4A22, '2024-09-09 12:05:32.345678');
INSERT INTO tbl8_comment (comment_id, shop_id, comment_point, comment_text, comment_status, comment_create_by, comment_create_at, comment_update_by, comment_update_at) VALUES(77, 8, 5, '这家烧烤店的肉质和调味都非常好，服务员也很热情，是我最喜欢的烧烤店。', 0, 0xAF202020512040B020202020742065A5, '2024-09-09 13:45:23.456789', 0xAF202020512040B020202020742065A5, '2024-09-09 13:45:23.456789');
INSERT INTO tbl8_comment (comment_id, shop_id, comment_point, comment_text, comment_status, comment_create_by, comment_create_at, comment_update_by, comment_update_at) VALUES(78, 8, 4, '美味しい焼き肉で、サービスも良かったです。次回も期待しています。', 0, 0x20C42A5D20204520AA20292020322020, '2024-09-09 14:32:11.987654', 0x20C42A5D20204520AA20292020322020, '2024-09-09 14:32:11.987654');
INSERT INTO tbl8_comment (comment_id, shop_id, comment_point, comment_text, comment_status, comment_create_by, comment_create_at, comment_update_by, comment_update_at) VALUES(79, 8, 3, '烧烤的味道还行，但整体体验普通，服务态度也一般。', 0, 0x3926AA20D8CC4820207E203F57592020, '2024-09-09 15:23:45.678901', 0x3926AA20D8CC4820207E203F57592020, '2024-09-09 15:23:45.678901');
INSERT INTO tbl8_comment (comment_id, shop_id, comment_point, comment_text, comment_status, comment_create_by, comment_create_at, comment_update_by, comment_update_at) VALUES(80, 8, 2, '料理もサービスも期待外れでした。もう行きたくないです。', 0, 0x624F20B247704A20BA69C55ABB202020, '2024-09-09 16:14:56.789012', 0x624F20B247704A20BA69C55ABB202020, '2024-09-09 16:14:56.789012');
INSERT INTO tbl8_comment (comment_id, shop_id, comment_point, comment_text, comment_status, comment_create_by, comment_create_at, comment_update_by, comment_update_at) VALUES(81, 8, 4, '这家烧烤店的肉质非常新鲜，调味也很有特色，服务态度也很棒。', 0, 0x20B42020515E4978204EA1202D2067A9, '2024-09-09 17:05:12.345678', 0x20B42020515E4978204EA1202D2067A9, '2024-09-09 17:05:12.345678');
INSERT INTO tbl8_comment (comment_id, shop_id, comment_point, comment_text, comment_status, comment_create_by, comment_create_at, comment_update_by, comment_update_at) VALUES(82, 8, 4, '焼き肉の質がとても良く、また来たいと思います。サービスも良かったです。', 0, 0x2055202020204AC1B52060CBB3206220, '2024-09-09 18:23:45.678901', 0x2055202020204AC1B52060CBB3206220, '2024-09-09 18:23:45.678901');
INSERT INTO tbl8_comment (comment_id, shop_id, comment_point, comment_text, comment_status, comment_create_by, comment_create_at, comment_update_by, comment_update_at) VALUES(83, 8, 3, '烧烤的口味还不错，但服务和环境有待提高。', 0, 0x5B20D5AE394D4266202064CD20206A20, '2024-09-10 08:23:45.678901', 0x5B20D5AE394D4266202064CD20206A20, '2024-09-10 08:23:45.678901');
INSERT INTO tbl8_comment (comment_id, shop_id, comment_point, comment_text, comment_status, comment_create_by, comment_create_at, comment_update_by, comment_update_at) VALUES(84, 8, 2, '料理もサービスも不満が残ります。再訪はないです。', 0, 0x333E20A135204220B32040D2C02020DE, '2024-09-10 09:35:56.789012', 0x333E20A135204220B32040D2C02020DE, '2024-09-10 09:35:56.789012');
INSERT INTO tbl8_comment (comment_id, shop_id, comment_point, comment_text, comment_status, comment_create_by, comment_create_at, comment_update_by, comment_update_at) VALUES(85, 8, 4, '这家烧烤店的肉质非常好，服务也非常到位，非常值得一试。', 0, 0x44207226D6204D38202020DAA5203320, '2024-09-10 10:45:12.345678', 0x44207226D6204D38202020DAA5203320, '2024-09-10 10:45:12.345678');
INSERT INTO tbl8_comment (comment_id, shop_id, comment_point, comment_text, comment_status, comment_create_by, comment_create_at, comment_update_by, comment_update_at) VALUES(86, 8, 4, '美味しい焼き肉で、サービスも良かったです。また行きます。', 0, 0x20AB2037BE7149752020203467C44020, '2024-09-10 11:56:23.456789', 0x20AB2037BE7149752020203467C44020, '2024-09-10 11:56:23.456789');
INSERT INTO tbl8_comment (comment_id, shop_id, comment_point, comment_text, comment_status, comment_create_by, comment_create_at, comment_update_by, comment_update_at) VALUES(87, 8, 3, '烧烤的味道还不错，但整体体验和服务还有提升的空间。', 0, 0x20DEBB207C7D4D4E20205DA420752020, '2024-09-10 12:34:56.789012', 0x20DEBB207C7D4D4E20205DA420752020, '2024-09-10 12:34:56.789012');
INSERT INTO tbl8_comment (comment_id, shop_id, comment_point, comment_text, comment_status, comment_create_by, comment_create_at, comment_update_by, comment_update_at) VALUES(88, 8, 1, '料理もサービスも期待外れでした。再訪はないです。', 0, 0x3C20773F3B3B4D20A75D6A2720202E3F, '2024-09-10 13:45:23.456789', 0x3C20773F3B3B4D20A75D6A2720202E3F, '2024-09-10 13:45:23.456789');
INSERT INTO tbl8_comment (comment_id, shop_id, comment_point, comment_text, comment_status, comment_create_by, comment_create_at, comment_update_by, comment_update_at) VALUES(89, 8, 4, '这家烧烤店真的是一绝，肉质鲜嫩，调味也很有特色，服务也很好。', 0, 0x2E206058CFAD4E5B207020BE20422020, '2024-09-10 14:56:34.567890', 0x2E206058CFAD4E5B207020BE20422020, '2024-09-10 14:56:34.567890');
INSERT INTO tbl8_comment (comment_id, shop_id, comment_point, comment_text, comment_status, comment_create_by, comment_create_at, comment_update_by, comment_update_at) VALUES(90, 8, 4, '焼き肉がとても美味しく、サービスも良かったです。次回も期待しています。', 0, 0x20752720C9D44C2020C67020456B4F20, '2024-09-10 15:56:23.456789', 0x20752720C9D44C2020C67020456B4F20, '2024-09-10 15:56:23.456789');
INSERT INTO tbl8_comment (comment_id, shop_id, comment_point, comment_text, comment_status, comment_create_by, comment_create_at, comment_update_by, comment_update_at) VALUES(91, 10, 5, '这家烧烤店的肉质新鲜，调味非常到位，服务也很周到。', 0, 0xD8A2B1204F202020D92320203E2020A2, '2024-09-09 09:15:22.123456', 0xD8A2B1204F202020D92320203E2020A2, '2024-09-09 09:15:22.123456');
INSERT INTO tbl8_comment (comment_id, shop_id, comment_point, comment_text, comment_status, comment_create_by, comment_create_at, comment_update_by, comment_update_at) VALUES(92, 10, 4, '焼き肉の質がとても良く、サービスも快適でした。次回も期待しています。', 0, 0x20383B204F202020D92320203E2020A2, '2024-09-09 10:25:33.654321', 0x20383B204F202020D92320203E2020A2, '2024-09-09 10:25:33.654321');
INSERT INTO tbl8_comment (comment_id, shop_id, comment_point, comment_text, comment_status, comment_create_by, comment_create_at, comment_update_by, comment_update_at) VALUES(93, 10, 3, '烧烤的味道还不错，但整体体验有待提升。', 0, 0x203841204F202020D92320203E2020A2, '2024-09-09 11:35:44.789012', 0x203841204F202020D92320203E2020A2, '2024-09-09 11:35:44.789012');
INSERT INTO tbl8_comment (comment_id, shop_id, comment_point, comment_text, comment_status, comment_create_by, comment_create_at, comment_update_by, comment_update_at) VALUES(94, 10, 2, '焼き肉の質が期待外れで、サービスも残念でした。', 0, 0x203843DA4F202020D92320203E2020A2, '2024-09-09 12:45:55.345678', 0x203843DA4F202020D92320203E2020A2, '2024-09-09 12:45:55.345678');
INSERT INTO tbl8_comment (comment_id, shop_id, comment_point, comment_text, comment_status, comment_create_by, comment_create_at, comment_update_by, comment_update_at) VALUES(95, 10, 5, '这家烧烤店的肉质非常新鲜，服务也非常好，值得推荐。', 0, 0x203844324F202020D92320203E2020A2, '2024-09-09 13:55:12.456789', 0x203844324F202020D92320203E2020A2, '2024-09-09 13:55:12.456789');
INSERT INTO tbl8_comment (comment_id, shop_id, comment_point, comment_text, comment_status, comment_create_by, comment_create_at, comment_update_by, comment_update_at) VALUES(96, 10, 4, '美味しい焼き肉で、サービスも良好でした。また行きます。', 0, 0x203844BD4F202020D92320203E2020A2, '2024-09-09 14:22:23.987654', 0x203844BD4F202020D92320203E2020A2, '2024-09-09 14:22:23.987654');
INSERT INTO tbl8_comment (comment_id, shop_id, comment_point, comment_text, comment_status, comment_create_by, comment_create_at, comment_update_by, comment_update_at) VALUES(97, 10, 3, '烧烤的口味尚可，但服务和环境还有提升空间。', 0, 0x203845494F202020D92320203E2020A2, '2024-09-09 15:12:34.678901', 0x203845494F202020D92320203E2020A2, '2024-09-09 15:12:34.678901');
INSERT INTO tbl8_comment (comment_id, shop_id, comment_point, comment_text, comment_status, comment_create_by, comment_create_at, comment_update_by, comment_update_at) VALUES(98, 10, 2, '料理もサービスも期待外れでした。再訪はないです。', 0, 0x203845204F202020D92320203E2020A2, '2024-09-09 16:45:56.789012', 0x203845204F202020D92320203E2020A2, '2024-09-09 16:45:56.789012');
INSERT INTO tbl8_comment (comment_id, shop_id, comment_point, comment_text, comment_status, comment_create_by, comment_create_at, comment_update_by, comment_update_at) VALUES(99, 10, 5, '这家烧烤店的肉质新鲜，调味出色，服务也很好，是我吃过的最好的一家烧烤店。', 0, 0x203846204F202020D92320203E2020A2, '2024-09-09 17:23:45.678901', 0x203846204F202020D92320203E2020A2, '2024-09-09 17:23:45.678901');
INSERT INTO tbl8_comment (comment_id, shop_id, comment_point, comment_text, comment_status, comment_create_by, comment_create_at, comment_update_by, comment_update_at) VALUES(100, 10, 4, '焼き肉がとても美味しく、サービスも良かったです。また来ます。', 0, 0x203847204F202020D92320203E2020A2, '2024-09-09 18:32:11.987654', 0x203847204F202020D92320203E2020A2, '2024-09-09 18:32:11.987654');
INSERT INTO tbl8_comment (comment_id, shop_id, comment_point, comment_text, comment_status, comment_create_by, comment_create_at, comment_update_by, comment_update_at) VALUES(101, 10, 3, '烧烤的味道一般，服务和环境需要改进。', 0, 0xAF7ECECB28744FB62020202023A5BE20, '2024-09-10 08:23:12.345678', 0xAF7ECECB28744FB62020202023A5BE20, '2024-09-10 08:23:12.345678');
INSERT INTO tbl8_comment (comment_id, shop_id, comment_point, comment_text, comment_status, comment_create_by, comment_create_at, comment_update_by, comment_update_at) VALUES(102, 10, 2, '料理もサービスも非常に残念でした。もう行きたくないです。', 0, 0x6E2020DEB0204420A5A7207141CACF51, '2024-09-10 09:34:56.789012', 0x6E2020DEB0204420A5A7207141CACF51, '2024-09-10 09:34:56.789012');
INSERT INTO tbl8_comment (comment_id, shop_id, comment_point, comment_text, comment_status, comment_create_by, comment_create_at, comment_update_by, comment_update_at) VALUES(103, 10, 5, '这家烧烤店的肉质极其新鲜，服务员的态度也很好，是我最喜欢的一家烧烤店。', 0, 0x20CF374B33204820BAB8DE2073532020, '2024-09-10 10:45:23.456789', 0x20CF374B33204820BAB8DE2073532020, '2024-09-10 10:45:23.456789');
INSERT INTO tbl8_comment (comment_id, shop_id, comment_point, comment_text, comment_status, comment_create_by, comment_create_at, comment_update_by, comment_update_at) VALUES(104, 10, 4, '美味しい焼き肉で、サービスも良かったです。また行きたいです。', 0, 0x7B20204EB6204620A820AF78DD5C20C1, '2024-09-10 11:56:34.567890', 0x7B20204EB6204620A820AF78DD5C20C1, '2024-09-10 11:56:34.567890');
INSERT INTO tbl8_comment (comment_id, shop_id, comment_point, comment_text, comment_status, comment_create_by, comment_create_at, comment_update_by, comment_update_at) VALUES(105, 10, 3, '烧烤的味道尚可，但整体服务体验一般。', 0, 0x6420202020BC444420392020D0BE20AD, '2024-09-10 12:34:45.678901', 0x6420202020BC444420392020D0BE20AD, '2024-09-10 12:34:45.678901');
INSERT INTO tbl8_comment (comment_id, shop_id, comment_point, comment_text, comment_status, comment_create_by, comment_create_at, comment_update_by, comment_update_at) VALUES(106, 10, 2, '料理もサービスも残念でした。再訪はありません。', 0, 0x26CB20C56F20494CAB662070207E3245, '2024-09-10 13:45:56.789012', 0x26CB20C56F20494CAB662070207E3245, '2024-09-10 13:45:56.789012');
INSERT INTO tbl8_comment (comment_id, shop_id, comment_point, comment_text, comment_status, comment_create_by, comment_create_at, comment_update_by, comment_update_at) VALUES(107, 10, 5, '这家烧烤店的肉质绝佳，调味也很有特色，服务也非常好，非常推荐。', 0, 0x2020202120C84520A2202020AE202020, '2024-09-10 14:56:12.345678', 0x2020202120C84520A2202020AE202020, '2024-09-10 14:56:12.345678');
INSERT INTO tbl8_comment (comment_id, shop_id, comment_point, comment_text, comment_status, comment_create_by, comment_create_at, comment_update_by, comment_update_at) VALUES(108, 10, 4, '焼き肉がとても美味しく、サービスも良好でした。また行きます。', 0, 0x2D205ADCDD424F59B5B3206B20202053, '2024-09-10 15:23:34.567890', 0x2D205ADCDD424F59B5B3206B20202053, '2024-09-10 15:23:34.567890');
INSERT INTO tbl8_comment (comment_id, shop_id, comment_point, comment_text, comment_status, comment_create_by, comment_create_at, comment_update_by, comment_update_at) VALUES(109, 5, 5, '这家拉面馆的汤底非常浓郁，面条也非常有嚼劲，服务态度很好，非常满意。', 0, 0x20B23222772042CBB2B42020234A203B, '2024-09-09 09:30:12.123456', 0x20B23222772042CBB2B42020234A203B, '2024-09-09 09:30:12.123456');
INSERT INTO tbl8_comment (comment_id, shop_id, comment_point, comment_text, comment_status, comment_create_by, comment_create_at, comment_update_by, comment_update_at) VALUES(110, 5, 4, 'ラーメンのスープがとても美味しく、麺の食感も良かったです。サービスも良かったです。', 0, 0x4D2020ADAA5C4720202020B42020686B, '2024-09-09 10:22:34.654321', 0x4D2020ADAA5C4720202020B42020686B, '2024-09-09 10:22:34.654321');
INSERT INTO tbl8_comment (comment_id, shop_id, comment_point, comment_text, comment_status, comment_create_by, comment_create_at, comment_update_by, comment_update_at) VALUES(111, 5, 3, '拉面的味道还可以，但服务和环境有待提高。', 0, 0xCC206B2020204A2DA220A438A5202063, '2024-09-09 11:45:56.789012', 0xCC206B2020204A2DA220A438A5202063, '2024-09-09 11:45:56.789012');
INSERT INTO tbl8_comment (comment_id, shop_id, comment_point, comment_text, comment_status, comment_create_by, comment_create_at, comment_update_by, comment_update_at) VALUES(112, 5, 2, 'ラーメンの味は普通で、サービスもあまり良くありませんでした。', 0, 0x20CF20767820462020C62035204A3E6D, '2024-09-09 12:56:34.345678', 0x20CF20767820462020C62035204A3E6D, '2024-09-09 12:56:34.345678');
INSERT INTO tbl8_comment (comment_id, shop_id, comment_point, comment_text, comment_status, comment_create_by, comment_create_at, comment_update_by, comment_update_at) VALUES(113, 5, 5, '这家拉面馆的汤底非常美味，面条煮得刚刚好，服务态度也很好，强烈推荐。', 0, 0x4ECA20D061A8412020BF2028D36C2020, '2024-09-09 13:12:45.456789', 0x4ECA20D061A8412020BF2028D36C2020, '2024-09-09 13:12:45.456789');
INSERT INTO tbl8_comment (comment_id, shop_id, comment_point, comment_text, comment_status, comment_create_by, comment_create_at, comment_update_by, comment_update_at) VALUES(114, 5, 4, '美味しいラーメンで、スープが絶品でした。サービスも良かったです。', 0, 0x20333A20B75242CD2020202020C74C20, '2024-09-09 14:23:56.987654', 0x20333A20B75242CD2020202020C74C20, '2024-09-09 14:23:56.987654');
INSERT INTO tbl8_comment (comment_id, shop_id, comment_point, comment_text, comment_status, comment_create_by, comment_create_at, comment_update_by, comment_update_at) VALUES(115, 5, 3, '拉面的味道还行，但环境和服务有待提升。', 0, 0x20C0CE5348204979207AAACC723E20B7, '2024-09-09 15:34:12.678901', 0x20C0CE5348204979207AAACC723E20B7, '2024-09-09 15:34:12.678901');
INSERT INTO tbl8_comment (comment_id, shop_id, comment_point, comment_text, comment_status, comment_create_by, comment_create_at, comment_update_by, comment_update_at) VALUES(116, 5, 2, 'ラーメンの味がいまいちで、サービスもあまり良くなかったです。', 0, 0x2051206A20204FAB202020272020C020, '2024-09-09 16:45:23.789012', 0x2051206A20204FAB202020272020C020, '2024-09-09 16:45:23.789012');
INSERT INTO tbl8_comment (comment_id, shop_id, comment_point, comment_text, comment_status, comment_create_by, comment_create_at, comment_update_by, comment_update_at) VALUES(117, 5, 5, '这家拉面馆的面条非常有嚼劲，汤底鲜美，服务也很周到。', 0, 0x5679257A203E4A202020D220C0B12F59, '2024-09-09 17:56:34.123456', 0x5679257A203E4A202020D220C0B12F59, '2024-09-09 17:56:34.123456');
INSERT INTO tbl8_comment (comment_id, shop_id, comment_point, comment_text, comment_status, comment_create_by, comment_create_at, comment_update_by, comment_update_at) VALUES(118, 5, 4, 'ラーメンがとても美味しく、サービスも良かったです。再度行きたいと思います。', 0, 0x4FB2206AD02040CE202059B120A93F20, '2024-09-09 18:12:56.654321', 0x4FB2206AD02040CE202059B120A93F20, '2024-09-09 18:12:56.654321');
INSERT INTO tbl8_comment (comment_id, shop_id, comment_point, comment_text, comment_status, comment_create_by, comment_create_at, comment_update_by, comment_update_at) VALUES(119, 5, 3, '拉面的味道一般，服务和环境都还需改进。', 0, 0x202020204F204ADEB5B8202020202020, '2024-09-10 08:23:34.789012', 0x202020204F204ADEB5B8202020202020, '2024-09-10 08:23:34.789012');
INSERT INTO tbl8_comment (comment_id, shop_id, comment_point, comment_text, comment_status, comment_create_by, comment_create_at, comment_update_by, comment_update_at) VALUES(120, 5, 2, 'ラーメンの味が期待外れで、サービスもあまり良くありませんでした。', 0, 0x2E202070207E452CB82FD1C8C5C52078, '2024-09-10 09:34:45.678901', 0x2E202070207E452CB82FD1C8C5C52078, '2024-09-10 09:34:45.678901');
INSERT INTO tbl8_comment (comment_id, shop_id, comment_point, comment_text, comment_status, comment_create_by, comment_create_at, comment_update_by, comment_update_at) VALUES(121, 5, 5, '这家拉面馆的汤底极其浓郁，面条弹性十足，服务员也很热情，非常推荐。', 0, 0x2020227420C74178B1207168205B204C, '2024-09-10 10:45:56.123456', 0x2020227420C74178B1207168205B204C, '2024-09-10 10:45:56.123456');
INSERT INTO tbl8_comment (comment_id, shop_id, comment_point, comment_text, comment_status, comment_create_by, comment_create_at, comment_update_by, comment_update_at) VALUES(122, 5, 4, '美味しいラーメンで、スープが絶品でした。サービスも良かったです。また行きます。', 0, 0xB22CBC2059C24820A2B220A6775E4A22, '2024-09-10 11:56:34.567890', 0xB22CBC2059C24820A2B220A6775E4A22, '2024-09-10 11:56:34.567890');
INSERT INTO tbl8_comment (comment_id, shop_id, comment_point, comment_text, comment_status, comment_create_by, comment_create_at, comment_update_by, comment_update_at) VALUES(123, 5, 3, '拉面的味道还可以，但环境和服务都不够好。', 0, 0xAF202020512040B020202020742065A5, '2024-09-10 12:34:56.789012', 0xAF202020512040B020202020742065A5, '2024-09-10 12:34:56.789012');
INSERT INTO tbl8_comment (comment_id, shop_id, comment_point, comment_text, comment_status, comment_create_by, comment_create_at, comment_update_by, comment_update_at) VALUES(124, 5, 2, 'ラーメンの質がいまいちで、サービスも不満でした。', 0, 0x20C42A5D20204520AA20292020322020, '2024-09-10 13:45:12.345678', 0x20C42A5D20204520AA20292020322020, '2024-09-10 13:45:12.345678');
INSERT INTO tbl8_comment (comment_id, shop_id, comment_point, comment_text, comment_status, comment_create_by, comment_create_at, comment_update_by, comment_update_at) VALUES(125, 5, 5, '这家拉面馆的面条煮得刚刚好，汤底非常美味，服务也很好，是我的最爱。', 0, 0x3926AA20D8CC4820207E203F57592020, '2024-09-10 14:23:34.567890', 0x3926AA20D8CC4820207E203F57592020, '2024-09-10 14:23:34.567890');
INSERT INTO tbl8_comment (comment_id, shop_id, comment_point, comment_text, comment_status, comment_create_by, comment_create_at, comment_update_by, comment_update_at) VALUES(126, 5, 4, '美味しいラーメンと良いサービスがありました。また来たいと思います。', 0, 0x624F20B247704A20BA69C55ABB202020, '2024-09-10 15:12:45.678901', 0x624F20B247704A20BA69C55ABB202020, '2024-09-10 15:12:45.678901');
INSERT INTO tbl8_comment (comment_id, shop_id, comment_point, comment_text, comment_status, comment_create_by, comment_create_at, comment_update_by, comment_update_at) VALUES(127, 9, 4, '这家拉面馆的汤底浓郁，面条有嚼劲，配料新鲜，服务态度也很好，非常推荐。', 0, 0xBC59237720CF4120AD204220202052D1, '2024-09-09 09:15:23.456789', 0xBC59237720CF4120AD204220202052D1, '2024-09-09 09:15:23.456789');
INSERT INTO tbl8_comment (comment_id, shop_id, comment_point, comment_text, comment_status, comment_create_by, comment_create_at, comment_update_by, comment_update_at) VALUES(128, 9, 4, 'ラーメンのスープが絶品で、麺も適度にコシがありました。サービスも良好です。', 0, 0x5520202045204722A9205620DE202020, '2024-09-09 10:22:34.567890', 0x5520202045204722A9205620DE202020, '2024-09-09 10:22:34.567890');
INSERT INTO tbl8_comment (comment_id, shop_id, comment_point, comment_text, comment_status, comment_create_by, comment_create_at, comment_update_by, comment_update_at) VALUES(129, 9, 3, '拉面的味道一般，环境和服务也有待改进。', 0, 0xD95D205BBCB54052205820CE6A7EC420, '2024-09-09 11:35:56.678901', 0xD95D205BBCB54052205820CE6A7EC420, '2024-09-09 11:35:56.678901');
INSERT INTO tbl8_comment (comment_id, shop_id, comment_point, comment_text, comment_status, comment_create_by, comment_create_at, comment_update_by, comment_update_at) VALUES(130, 9, 2, 'ラーメンの味がいまいちで、サービスもあまり良くありませんでした。', 0, 0x6720532020204320202025D820202024, '2024-09-09 12:45:56.789012', 0x6720532020204320202025D820202024, '2024-09-09 12:45:56.789012');
INSERT INTO tbl8_comment (comment_id, shop_id, comment_point, comment_text, comment_status, comment_create_by, comment_create_at, comment_update_by, comment_update_at) VALUES(131, 9, 4, '这家拉面馆的汤底浓郁，面条弹性十足，服务员态度也很好，真心推荐。', 0, 0x2020275E20494C6DB2204720D6786EB3, '2024-09-09 13:23:12.345678', 0x2020275E20494C6DB2204720D6786EB3, '2024-09-09 13:23:12.345678');
INSERT INTO tbl8_comment (comment_id, shop_id, comment_point, comment_text, comment_status, comment_create_by, comment_create_at, comment_update_by, comment_update_at) VALUES(132, 9, 4, '美味しいラーメンで、スープも麺も絶品でした。サービスも良好です。', 0, 0x203B70D020C74CB0205720C371332DB7, '2024-09-09 14:56:34.456789', 0x203B70D020C74CB0205720C371332DB7, '2024-09-09 14:56:34.456789');
INSERT INTO tbl8_comment (comment_id, shop_id, comment_point, comment_text, comment_status, comment_create_by, comment_create_at, comment_update_by, comment_update_at) VALUES(133, 9, 2, '拉面的味道还可以，但环境和服务不够好。', 0, 0x762A632020714C20206C53D0D7D02020, '2024-09-09 15:34:45.678901', 0x762A632020714C20206C53D0D7D02020, '2024-09-09 15:34:45.678901');
INSERT INTO tbl8_comment (comment_id, shop_id, comment_point, comment_text, comment_status, comment_create_by, comment_create_at, comment_update_by, comment_update_at) VALUES(134, 9, 1, 'ラーメンの質がいまいちで、サービスも期待外れでした。', 0, 0x602031205A2042BF20AB4ABF6FD02047, '2024-09-09 16:45:56.789012', 0x602031205A2042BF20AB4ABF6FD02047, '2024-09-09 16:45:56.789012');
INSERT INTO tbl8_comment (comment_id, shop_id, comment_point, comment_text, comment_status, comment_create_by, comment_create_at, comment_update_by, comment_update_at) VALUES(135, 9, 5, '这家拉面馆的面条非常有嚼劲，汤底浓郁，服务态度也非常好，是我最喜欢的一家。', 0, 0xC463DC20BA284C202020522020CA4220, '2024-09-09 17:56:34.123456', 0xC463DC20BA284C202020522020CA4220, '2024-09-09 17:56:34.123456');
INSERT INTO tbl8_comment (comment_id, shop_id, comment_point, comment_text, comment_status, comment_create_by, comment_create_at, comment_update_by, comment_update_at) VALUES(136, 9, 4, 'ラーメンが美味しく、サービスも良かったです。また来たいと思います。', 0, 0x2064206C68384AB9A920202038204020, '2024-09-09 18:23:45.678901', 0x2064206C68384AB9A920202038204020, '2024-09-09 18:23:45.678901');
INSERT INTO tbl8_comment (comment_id, shop_id, comment_point, comment_text, comment_status, comment_create_by, comment_create_at, comment_update_by, comment_update_at) VALUES(137, 9, 3, '拉面的味道一般，服务也有待提高。', 0, 0xBC2053C1A7204D2020C4502059205B3E, '2024-09-10 08:12:56.789012', 0xBC2053C1A7204D2020C4502059205B3E, '2024-09-10 08:12:56.789012');
INSERT INTO tbl8_comment (comment_id, shop_id, comment_point, comment_text, comment_status, comment_create_by, comment_create_at, comment_update_by, comment_update_at) VALUES(138, 9, 1, 'ラーメンの味が期待外れで、サービスも良くなかったです。', 0, 0x7D20754E20604834A7202020A7264EC1, '2024-09-10 09:23:34.567890', 0x7D20754E20604834A7202020A7264EC1, '2024-09-10 09:23:34.567890');
INSERT INTO tbl8_comment (comment_id, shop_id, comment_point, comment_text, comment_status, comment_create_by, comment_create_at, comment_update_by, comment_update_at) VALUES(139, 9, 5, '这家拉面馆的面条煮得刚刚好，汤底非常美味，服务也很好，强烈推荐。', 0, 0x7020AB2B203548BFB96F274D41435323, '2024-09-10 10:34:45.678901', 0x7020AB2B203548BFB96F274D41435323, '2024-09-10 10:34:45.678901');
INSERT INTO tbl8_comment (comment_id, shop_id, comment_point, comment_text, comment_status, comment_create_by, comment_create_at, comment_update_by, comment_update_at) VALUES(140, 9, 4, '美味しいラーメンで、スープが絶品でした。サービスも良かったです。また行きます。', 0, 0x202065BC20CF4A2020DB20A920206B4E, '2024-09-10 11:45:56.789012', 0x202065BC20CF4A2020DB20A920206B4E, '2024-09-10 11:45:56.789012');
INSERT INTO tbl8_comment (comment_id, shop_id, comment_point, comment_text, comment_status, comment_create_by, comment_create_at, comment_update_by, comment_update_at) VALUES(141, 9, 2, '拉面的味道还行，但环境和服务都有待改进。', 0, 0xD0202020A1204520BEDD202020BF4647, '2024-09-10 12:23:34.567890', 0xD0202020A1204520BEDD202020BF4647, '2024-09-10 12:23:34.567890');
INSERT INTO tbl8_comment (comment_id, shop_id, comment_point, comment_text, comment_status, comment_create_by, comment_create_at, comment_update_by, comment_update_at) VALUES(142, 9, 1, 'ラーメンの質がいまいちで、サービスも不満でした。', 0, 0x6620202020204620B6DB207833632020, '2024-09-10 13:34:45.678901', 0x6620202020204620B6DB207833632020, '2024-09-10 13:34:45.678901');
INSERT INTO tbl8_comment (comment_id, shop_id, comment_point, comment_text, comment_status, comment_create_by, comment_create_at, comment_update_by, comment_update_at) VALUES(143, 9, 5, '这家拉面馆的汤底极其浓郁，面条滑爽，服务也很热情，是我最喜欢的拉面馆。', 0, 0x3820BACAD1B94664AB60203B20202030, '2024-09-10 14:45:56.789012', 0x3820BACAD1B94664AB60203B20202030, '2024-09-10 14:45:56.789012');
INSERT INTO tbl8_comment (comment_id, shop_id, comment_point, comment_text, comment_status, comment_create_by, comment_create_at, comment_update_by, comment_update_at) VALUES(144, 9, 3, 'ラーメンがとても美味しく、スープも麺も最高でした。サービスも良好です。', 0, 0xA543205434CA4C41BC532020205B2078, '2024-09-10 11:23:34.567890', 0xA543205434CA4C41BC532020205B2078, '2024-09-10 11:23:34.567890');
INSERT INTO tbl8_comment (comment_id, shop_id, comment_point, comment_text, comment_status, comment_create_by, comment_create_at, comment_update_by, comment_update_at) VALUES(145, 11, 4, '这家拉面馆的汤底浓郁，面条有嚼劲，配料新鲜，服务态度也很好，非常推荐。', 0, 0x202020204F204ADEB5B8202020202020, '2024-09-09 10:15:23.456789', 0x202020204F204ADEB5B8202020202020, '2024-09-09 10:15:23.456789');
INSERT INTO tbl8_comment (comment_id, shop_id, comment_point, comment_text, comment_status, comment_create_by, comment_create_at, comment_update_by, comment_update_at) VALUES(146, 11, 4, 'ラーメンのスープが絶品で、麺も適度にコシがありました。サービスも良好です。', 0, 0x2E202070207E452CB82FD1C8C5C52078, '2024-09-09 11:22:34.567890', 0x2E202070207E452CB82FD1C8C5C52078, '2024-09-09 11:22:34.567890');
INSERT INTO tbl8_comment (comment_id, shop_id, comment_point, comment_text, comment_status, comment_create_by, comment_create_at, comment_update_by, comment_update_at) VALUES(147, 11, 3, '拉面的味道一般，环境和服务也有待改进。', 0, 0x2020227420C74178B1207168205B204C, '2024-09-09 12:35:56.678901', 0x2020227420C74178B1207168205B204C, '2024-09-09 12:35:56.678901');
INSERT INTO tbl8_comment (comment_id, shop_id, comment_point, comment_text, comment_status, comment_create_by, comment_create_at, comment_update_by, comment_update_at) VALUES(148, 11, 2, 'ラーメンの味がいまいちで、サービスもあまり良くありませんでした。', 0, 0xB22CBC2059C24820A2B220A6775E4A22, '2024-09-09 13:45:56.789012', 0xB22CBC2059C24820A2B220A6775E4A22, '2024-09-09 13:45:56.789012');
INSERT INTO tbl8_comment (comment_id, shop_id, comment_point, comment_text, comment_status, comment_create_by, comment_create_at, comment_update_by, comment_update_at) VALUES(149, 11, 4, '这家拉面馆的汤底浓郁，面条弹性十足，服务员态度也很好，真心推荐。', 0, 0xAF202020512040B020202020742065A5, '2024-09-09 14:23:12.345678', 0xAF202020512040B020202020742065A5, '2024-09-09 14:23:12.345678');
INSERT INTO tbl8_comment (comment_id, shop_id, comment_point, comment_text, comment_status, comment_create_by, comment_create_at, comment_update_by, comment_update_at) VALUES(150, 11, 4, '美味しいラーメンで、スープも麺も絶品でした。サービスも良好です。', 0, 0x20C42A5D20204520AA20292020322020, '2024-09-09 15:56:34.456789', 0x20C42A5D20204520AA20292020322020, '2024-09-09 15:56:34.456789');
INSERT INTO tbl8_comment (comment_id, shop_id, comment_point, comment_text, comment_status, comment_create_by, comment_create_at, comment_update_by, comment_update_at) VALUES(151, 11, 3, '拉面的味道还可以，但环境和服务不够好。', 0, 0x3926AA20D8CC4820207E203F57592020, '2024-09-09 16:34:45.678901', 0x3926AA20D8CC4820207E203F57592020, '2024-09-09 16:34:45.678901');
INSERT INTO tbl8_comment (comment_id, shop_id, comment_point, comment_text, comment_status, comment_create_by, comment_create_at, comment_update_by, comment_update_at) VALUES(152, 11, 1, 'ラーメンの質がいまいちで、サービスも期待外れでした。', 0, 0x624F20B247704A20BA69C55ABB202020, '2024-09-09 17:45:56.789012', 0x624F20B247704A20BA69C55ABB202020, '2024-09-09 17:45:56.789012');
INSERT INTO tbl8_comment (comment_id, shop_id, comment_point, comment_text, comment_status, comment_create_by, comment_create_at, comment_update_by, comment_update_at) VALUES(153, 11, 4, '这家拉面馆的面条非常有嚼劲，汤底浓郁，服务态度也非常好，是我最喜欢的一家。', 0, 0x20B42020515E4978204EA1202D2067A9, '2024-09-09 18:56:34.123456', 0x20B42020515E4978204EA1202D2067A9, '2024-09-09 18:56:34.123456');
INSERT INTO tbl8_comment (comment_id, shop_id, comment_point, comment_text, comment_status, comment_create_by, comment_create_at, comment_update_by, comment_update_at) VALUES(154, 11, 4, 'ラーメンが美味しく、サービスも良かったです。また来たいと思います。', 0, 0x2055202020204AC1B52060CBB3206220, '2024-09-10 08:12:56.789012', 0x2055202020204AC1B52060CBB3206220, '2024-09-10 08:12:56.789012');
INSERT INTO tbl8_comment (comment_id, shop_id, comment_point, comment_text, comment_status, comment_create_by, comment_create_at, comment_update_by, comment_update_at) VALUES(155, 11, 2, '拉面的味道一般，服务也有待提高。', 0, 0x5B20D5AE394D4266202064CD20206A20, '2024-09-10 09:23:34.567890', 0x5B20D5AE394D4266202064CD20206A20, '2024-09-10 09:23:34.567890');
INSERT INTO tbl8_comment (comment_id, shop_id, comment_point, comment_text, comment_status, comment_create_by, comment_create_at, comment_update_by, comment_update_at) VALUES(156, 11, 1, 'ラーメンの味が期待外れで、サービスも良くなかったです。', 0, 0x333E20A135204220B32040D2C02020DE, '2024-09-10 10:34:45.678901', 0x333E20A135204220B32040D2C02020DE, '2024-09-10 10:34:45.678901');
INSERT INTO tbl8_comment (comment_id, shop_id, comment_point, comment_text, comment_status, comment_create_by, comment_create_at, comment_update_by, comment_update_at) VALUES(157, 11, 4, '这家拉面馆的面条煮得刚刚好，汤底非常美味，服务也很好，强烈推荐。', 0, 0x44207226D6204D38202020DAA5203320, '2024-09-10 11:45:56.789012', 0x44207226D6204D38202020DAA5203320, '2024-09-10 11:45:56.789012');
INSERT INTO tbl8_comment (comment_id, shop_id, comment_point, comment_text, comment_status, comment_create_by, comment_create_at, comment_update_by, comment_update_at) VALUES(158, 11, 4, '美味しいラーメンで、スープが絶品でした。サービスも良かったです。また行きます。', 0, 0x20AB2037BE7149752020203467C44020, '2024-09-10 12:56:34.456789', 0x20AB2037BE7149752020203467C44020, '2024-09-10 12:56:34.456789');
INSERT INTO tbl8_comment (comment_id, shop_id, comment_point, comment_text, comment_status, comment_create_by, comment_create_at, comment_update_by, comment_update_at) VALUES(159, 11, 3, '拉面的味道还行，但环境和服务都有待改进。', 0, 0x20DEBB207C7D4D4E20205DA420752020, '2024-09-10 13:34:56.789012', 0x20DEBB207C7D4D4E20205DA420752020, '2024-09-10 13:34:56.789012');
INSERT INTO tbl8_comment (comment_id, shop_id, comment_point, comment_text, comment_status, comment_create_by, comment_create_at, comment_update_by, comment_update_at) VALUES(160, 11, 2, 'ラーメンの質がいまいちで、サービスも不満でした。', 0, 0x3C20773F3B3B4D20A75D6A2720202E3F, '2024-09-10 14:45:23.456789', 0x3C20773F3B3B4D20A75D6A2720202E3F, '2024-09-10 14:45:23.456789');
INSERT INTO tbl8_comment (comment_id, shop_id, comment_point, comment_text, comment_status, comment_create_by, comment_create_at, comment_update_by, comment_update_at) VALUES(161, 11, 4, '这家拉面馆的汤底极其浓郁，面条滑爽，服务也很热情，是我最喜欢的拉面馆。', 0, 0x2E206058CFAD4E5B207020BE20422020, '2024-09-10 15:56:34.567890', 0x2E206058CFAD4E5B207020BE20422020, '2024-09-10 15:56:34.567890');
INSERT INTO tbl8_comment (comment_id, shop_id, comment_point, comment_text, comment_status, comment_create_by, comment_create_at, comment_update_by, comment_update_at) VALUES(162, 11, 4, 'ラーメンがとても美味しく、スープも麺も最高でした。サービスも良好です。', 0, 0x20752720C9D44C2020C67020456B4F20, '2024-09-10 16:12:56.789012', 0x20752720C9D44C2020C67020456B4F20, '2024-09-10 16:12:56.789012');
INSERT INTO tbl8_comment (comment_id, shop_id, comment_point, comment_text, comment_status, comment_create_by, comment_create_at, comment_update_by, comment_update_at) VALUES(163, 2, 4, '店内の雰囲気がとても良く、料理も美味しかったです！', 0, 0x203841204F202020D92320203E2020A2, '2024-09-09 20:44:20.154528', 0xB3457720A9204220A82ED22820CD2020, '2024-09-12 12:53:53.156620');
INSERT INTO tbl8_comment (comment_id, shop_id, comment_point, comment_text, comment_status, comment_create_by, comment_create_at, comment_update_by, comment_update_at) VALUES(164, 2, 5, '环境很不错，菜品也很正宗，下次还会来！', 0, 0x203843DA4F202020D92320203E2020A2, '2024-09-10 07:26:54.418258', 0x203843DA4F202020D92320203E2020A2, '2024-09-10 07:26:54.418258');
INSERT INTO tbl8_comment (comment_id, shop_id, comment_point, comment_text, comment_status, comment_create_by, comment_create_at, comment_update_by, comment_update_at) VALUES(165, 2, 1, '普通の味で、特に感動することはなかったです。', 0, 0x203844324F202020D92320203E2020A2, '2024-09-10 23:49:05.242627', 0x203844324F202020D92320203E2020A2, '2024-09-10 23:49:05.242627');
INSERT INTO tbl8_comment (comment_id, shop_id, comment_point, comment_text, comment_status, comment_create_by, comment_create_at, comment_update_by, comment_update_at) VALUES(166, 2, 2, '环境一般，食物口感也很普通。', 0, 0x203844BD4F202020D92320203E2020A2, '2024-09-09 15:35:32.339722', 0x203844BD4F202020D92320203E2020A2, '2024-09-09 15:35:32.339722');
INSERT INTO tbl8_comment (comment_id, shop_id, comment_point, comment_text, comment_status, comment_create_by, comment_create_at, comment_update_by, comment_update_at) VALUES(167, 2, 1, '料理が出てくるまでの時間が長く、味も微妙でした。', 0, 0x203845494F202020D92320203E2020A2, '2024-09-10 16:22:33.923547', 0x203845494F202020D92320203E2020A2, '2024-09-10 16:22:33.923547');
INSERT INTO tbl8_comment (comment_id, shop_id, comment_point, comment_text, comment_status, comment_create_by, comment_create_at, comment_update_by, comment_update_at) VALUES(168, 2, 3, '服务员态度一般，菜品也没有想象中好吃。', 0, 0x203845204F202020D92320203E2020A2, '2024-09-09 07:25:15.187473', 0x203845204F202020D92320203E2020A2, '2024-09-09 07:25:15.187473');
INSERT INTO tbl8_comment (comment_id, shop_id, comment_point, comment_text, comment_status, comment_create_by, comment_create_at, comment_update_by, comment_update_at) VALUES(169, 2, 4, 'このお店は本当に正統派の北京料理です。お勧めです！', 0, 0x203846204F202020D92320203E2020A2, '2024-09-09 08:35:23.503052', 0x203846204F202020D92320203E2020A2, '2024-09-09 08:35:23.503052');
INSERT INTO tbl8_comment (comment_id, shop_id, comment_point, comment_text, comment_status, comment_create_by, comment_create_at, comment_update_by, comment_update_at) VALUES(170, 2, 2, '服务员态度一般，菜品也没有想象中好吃。', 0, 0x203847204F202020D92320203E2020A2, '2024-09-09 12:28:43.603457', 0x203847204F202020D92320203E2020A2, '2024-09-09 12:28:43.603457');
INSERT INTO tbl8_comment (comment_id, shop_id, comment_point, comment_text, comment_status, comment_create_by, comment_create_at, comment_update_by, comment_update_at) VALUES(171, 2, 4, 'サービスがとても良く、味も完璧でした。また来ます！', 0, 0xAF7ECECB28744FB62020202023A5BE20, '2024-09-10 23:39:59.566485', 0xAF7ECECB28744FB62020202023A5BE20, '2024-09-10 23:39:59.566485');
INSERT INTO tbl8_comment (comment_id, shop_id, comment_point, comment_text, comment_status, comment_create_by, comment_create_at, comment_update_by, comment_update_at) VALUES(172, 2, 5, '强烈推荐这家店，特别是他们的烤鸭和炸酱面！', 0, 0x6E2020DEB0204420A5A7207141CACF51, '2024-09-09 12:15:44.020847', 0x6E2020DEB0204420A5A7207141CACF51, '2024-09-09 12:15:44.020847');
INSERT INTO tbl8_comment (comment_id, shop_id, comment_point, comment_text, comment_status, comment_create_by, comment_create_at, comment_update_by, comment_update_at) VALUES(173, 2, 5, '値段が手頃で量も多い。北京ダックが特に美味しい！', 0, 0x20CF374B33204820BAB8DE2073532020, '2024-09-09 17:29:37.302290', 0x20CF374B33204820BAB8DE2073532020, '2024-09-09 17:29:37.302290');
INSERT INTO tbl8_comment (comment_id, shop_id, comment_point, comment_text, comment_status, comment_create_by, comment_create_at, comment_update_by, comment_update_at) VALUES(174, 2, 5, '价格合理，分量足，北京烤鸭太棒了！', 0, 0x7B20204EB6204620A820AF78DD5C20C1, '2024-09-10 12:44:50.870673', 0x7B20204EB6204620A820AF78DD5C20C1, '2024-09-10 12:44:50.870673');
INSERT INTO tbl8_comment (comment_id, shop_id, comment_point, comment_text, comment_status, comment_create_by, comment_create_at, comment_update_by, comment_update_at) VALUES(175, 2, 4, 'このお店は本当に正統派の北京料理です。お勧めです！', 0, 0x6420202020BC444420392020D0BE20AD, '2024-09-10 12:33:39.754626', 0x6420202020BC444420392020D0BE20AD, '2024-09-10 12:33:39.754626');
INSERT INTO tbl8_comment (comment_id, shop_id, comment_point, comment_text, comment_status, comment_create_by, comment_create_at, comment_update_by, comment_update_at) VALUES(176, 2, 4, '价格合理，分量足，北京烤鸭太棒了！', 0, 0x26CB20C56F20494CAB662070207E3245, '2024-09-10 22:35:51.307305', 0x26CB20C56F20494CAB662070207E3245, '2024-09-10 22:35:51.307305');
INSERT INTO tbl8_comment (comment_id, shop_id, comment_point, comment_text, comment_status, comment_create_by, comment_create_at, comment_update_by, comment_update_at) VALUES(177, 2, 2, '料理が出てくるまでの時間が長く、味も微妙でした。', 0, 0x2020202120C84520A2202020AE202020, '2024-09-10 11:48:09.440812', 0x2020202120C84520A2202020AE202020, '2024-09-10 11:48:09.440812');
INSERT INTO tbl8_comment (comment_id, shop_id, comment_point, comment_text, comment_status, comment_create_by, comment_create_at, comment_update_by, comment_update_at) VALUES(178, 2, 5, '环境很不错，菜品也很正宗，下次还会来！', 0, 0x2D205ADCDD424F59B5B3206B20202053, '2024-09-09 20:29:54.834574', 0x2D205ADCDD424F59B5B3206B20202053, '2024-09-09 20:29:54.834574');
INSERT INTO tbl8_comment (comment_id, shop_id, comment_point, comment_text, comment_status, comment_create_by, comment_create_at, comment_update_by, comment_update_at) VALUES(179, 2, 3, '料理が出てくるまでの時間が長く、味も微妙でした。', 0, 0x2E204BB4BA694020A1A3BD69247B2029, '2024-09-10 22:56:58.327631', 0x2E204BB4BA694020A1A3BD69247B2029, '2024-09-10 22:56:58.327631');
INSERT INTO tbl8_comment (comment_id, shop_id, comment_point, comment_text, comment_status, comment_create_by, comment_create_at, comment_update_by, comment_update_at) VALUES(180, 2, 5, '环境很不错，菜品也很正宗，下次还会来！', 0, 0x26AE202020204E202057CF203720206F, '2024-09-10 18:26:26.083248', 0x26AE202020204E202057CF203720206F, '2024-09-10 18:26:26.083248');
INSERT INTO tbl8_comment (comment_id, shop_id, comment_point, comment_text, comment_status, comment_create_by, comment_create_at, comment_update_by, comment_update_at) VALUES(181, 2, 4, '値段が手頃で量も多い。北京ダックが特に美味しい！', 0, 0x20D0727C6B20416F20B323AC2020324E, '2024-09-10 22:33:52.686945', 0x20D0727C6B20416F20B323AC2020324E, '2024-09-10 22:33:52.686945');
INSERT INTO tbl8_comment (comment_id, shop_id, comment_point, comment_text, comment_status, comment_create_by, comment_create_at, comment_update_by, comment_update_at) VALUES(182, 2, 5, '这家店是我吃过最正宗的北京料理，必须好评！', 0, 0x4920202033664420BE5A20BD2020A3A5, '2024-09-10 13:42:04.405700', 0x4920202033664420BE5A20BD2020A3A5, '2024-09-10 13:42:04.405700');
INSERT INTO tbl8_comment (comment_id, shop_id, comment_point, comment_text, comment_status, comment_create_by, comment_create_at, comment_update_by, comment_update_at) VALUES(183, 2, 5, '値段が手頃で量も多い。北京ダックが特に美味しい！', 0, 0xD220D67658204AAB2020414754203ACE, '2024-09-10 06:50:53.684082', 0xD220D67658204AAB2020414754203ACE, '2024-09-10 06:50:53.684082');
INSERT INTO tbl8_comment (comment_id, shop_id, comment_point, comment_text, comment_status, comment_create_by, comment_create_at, comment_update_by, comment_update_at) VALUES(184, 2, 4, '强烈推荐这家店，特别是他们的烤鸭和炸酱面！', 0, 0x3620202020BB4BC6B7202023364F2020, '2024-09-10 20:50:17.606907', 0x3620202020BB4BC6B7202023364F2020, '2024-09-10 20:50:17.606907');
INSERT INTO tbl8_comment (comment_id, shop_id, comment_point, comment_text, comment_status, comment_create_by, comment_create_at, comment_update_by, comment_update_at) VALUES(185, 2, 3, '普通の味で、特に感動することはなかったです。', 0, 0x4EA9B736206F4829B120202F20C2CD2F, '2024-09-09 16:24:59.597563', 0x4EA9B736206F4829B120202F20C2CD2F, '2024-09-09 16:24:59.597563');
INSERT INTO tbl8_comment (comment_id, shop_id, comment_point, comment_text, comment_status, comment_create_by, comment_create_at, comment_update_by, comment_update_at) VALUES(186, 2, 2, '价格有点高，分量却不够。', 0, 0xCF2020C0CB5740DE2020C02032202020, '2024-09-10 13:43:35.713262', 0xCF2020C0CB5740DE2020C02032202020, '2024-09-10 13:43:35.713262');
INSERT INTO tbl8_comment (comment_id, shop_id, comment_point, comment_text, comment_status, comment_create_by, comment_create_at, comment_update_by, comment_update_at) VALUES(187, 2, 4, '店内の雰囲気がとても良く、料理も美味しかったです！', 0, 0x283B237820A94820202063B4B73F20CB, '2024-09-10 04:36:50.618720', 0x283B237820A94820202063B4B73F20CB, '2024-09-10 04:36:50.618720');
INSERT INTO tbl8_comment (comment_id, shop_id, comment_point, comment_text, comment_status, comment_create_by, comment_create_at, comment_update_by, comment_update_at) VALUES(188, 2, 3, '店里有点吵闹，菜的味道偏咸。', 0, 0xD860626626204952B479322120D1B451, '2024-09-10 09:25:16.326814', 0xD860626626204952B479322120D1B451, '2024-09-10 09:25:16.326814');
INSERT INTO tbl8_comment (comment_id, shop_id, comment_point, comment_text, comment_status, comment_create_by, comment_create_at, comment_update_by, comment_update_at) VALUES(189, 2, 2, '普通の味で、特に感動することはなかったです。', 0, 0x3B20BA2020204820B72038392039433D, '2024-09-10 01:34:07.225834', 0x3B20BA2020204820B72038392039433D, '2024-09-10 01:34:07.225834');
INSERT INTO tbl8_comment (comment_id, shop_id, comment_point, comment_text, comment_status, comment_create_by, comment_create_at, comment_update_by, comment_update_at) VALUES(190, 2, 5, '强烈推荐这家店，特别是他们的烤鸭和炸酱面！', 0, 0x20706320AAC54D5FAFB92020C0D92043, '2024-09-09 16:05:57.800140', 0x20706320AAC54D5FAFB92020C0D92043, '2024-09-09 16:05:57.800140');
INSERT INTO tbl8_comment (comment_id, shop_id, comment_point, comment_text, comment_status, comment_create_by, comment_create_at, comment_update_by, comment_update_at) VALUES(191, 2, 4, '値段が手頃で量も多い。北京ダックが特に美味しい！', 0, 0x202020B531204F222075A6B7D3782020, '2024-09-10 03:52:05.870894', 0x202020B531204F222075A6B7D3782020, '2024-09-10 03:52:05.870894');
INSERT INTO tbl8_comment (comment_id, shop_id, comment_point, comment_text, comment_status, comment_create_by, comment_create_at, comment_update_by, comment_update_at) VALUES(192, 2, 4, '服务非常周到，味道也很好，推荐！', 0, 0x4652682020434521A6C4672059A55359, '2024-09-10 22:00:15.540578', 0x4652682020434521A6C4672059A55359, '2024-09-10 22:00:15.540578');
INSERT INTO tbl8_comment (comment_id, shop_id, comment_point, comment_text, comment_status, comment_create_by, comment_create_at, comment_update_by, comment_update_at) VALUES(193, 2, 5, 'このお店は本当に正統派の北京料理です。お勧めです！', 0, 0x6FC72020CC204D68A664C67620DDA664, '2024-09-10 10:44:48.922505', 0x6FC72020CC204D68A664C67620DDA664, '2024-09-10 10:44:48.922505');
INSERT INTO tbl8_comment (comment_id, shop_id, comment_point, comment_text, comment_status, comment_create_by, comment_create_at, comment_update_by, comment_update_at) VALUES(194, 2, 5, '价格合理，分量足，北京烤鸭太棒了！', 0, 0xB8202059A1DE4523A720D1A32020B366, '2024-09-09 06:08:56.328794', 0xB8202059A1DE4523A720D1A32020B366, '2024-09-09 06:08:56.328794');
INSERT INTO tbl8_comment (comment_id, shop_id, comment_point, comment_text, comment_status, comment_create_by, comment_create_at, comment_update_by, comment_update_at) VALUES(195, 6, 3, '値段が手頃で量も多い。北京ダックが特に美味しい！', 0, 0x20D0727C6B20416F20B323AC2020324E, '2024-09-10 22:33:52.686945', 0x20D0727C6B20416F20B323AC2020324E, '2024-09-10 22:33:52.686945');
INSERT INTO tbl8_comment (comment_id, shop_id, comment_point, comment_text, comment_status, comment_create_by, comment_create_at, comment_update_by, comment_update_at) VALUES(196, 6, 4, '这家店是我吃过最正宗的北京料理，必须好评！', 0, 0x4920202033664420BE5A20BD2020A3A5, '2024-09-10 13:42:04.405700', 0x4920202033664420BE5A20BD2020A3A5, '2024-09-10 13:42:04.405700');
INSERT INTO tbl8_comment (comment_id, shop_id, comment_point, comment_text, comment_status, comment_create_by, comment_create_at, comment_update_by, comment_update_at) VALUES(197, 6, 4, '値段が手頃で量も多い。北京ダックが特に美味しい！', 0, 0xD220D67658204AAB2020414754203ACE, '2024-09-10 06:50:53.684082', 0xD220D67658204AAB2020414754203ACE, '2024-09-10 06:50:53.684082');
INSERT INTO tbl8_comment (comment_id, shop_id, comment_point, comment_text, comment_status, comment_create_by, comment_create_at, comment_update_by, comment_update_at) VALUES(198, 6, 4, '强烈推荐这家店，特别是他们的烤鸭和炸酱面！', 0, 0x3620202020BB4BC6B7202023364F2020, '2024-09-10 20:50:17.606907', 0x3620202020BB4BC6B7202023364F2020, '2024-09-10 20:50:17.606907');
INSERT INTO tbl8_comment (comment_id, shop_id, comment_point, comment_text, comment_status, comment_create_by, comment_create_at, comment_update_by, comment_update_at) VALUES(199, 6, 3, '普通の味で、特に感動することはなかったです。', 0, 0x4EA9B736206F4829B120202F20C2CD2F, '2024-09-09 16:24:59.597563', 0x4EA9B736206F4829B120202F20C2CD2F, '2024-09-09 16:24:59.597563');
INSERT INTO tbl8_comment (comment_id, shop_id, comment_point, comment_text, comment_status, comment_create_by, comment_create_at, comment_update_by, comment_update_at) VALUES(200, 6, 1, '价格有点高，分量却不够。', 0, 0xCF2020C0CB5740DE2020C02032202020, '2024-09-10 13:43:35.713262', 0xCF2020C0CB5740DE2020C02032202020, '2024-09-10 13:43:35.713262');
INSERT INTO tbl8_comment (comment_id, shop_id, comment_point, comment_text, comment_status, comment_create_by, comment_create_at, comment_update_by, comment_update_at) VALUES(201, 6, 3, '店内の雰囲気がとても良く、料理も美味しかったです！', 0, 0x283B237820A94820202063B4B73F20CB, '2024-09-10 04:36:50.618720', 0x283B237820A94820202063B4B73F20CB, '2024-09-10 04:36:50.618720');
INSERT INTO tbl8_comment (comment_id, shop_id, comment_point, comment_text, comment_status, comment_create_by, comment_create_at, comment_update_by, comment_update_at) VALUES(202, 6, 1, '店里有点吵闹，菜的味道偏咸。', 0, 0xD860626626204952B479322120D1B451, '2024-09-10 09:25:16.326814', 0xD860626626204952B479322120D1B451, '2024-09-10 09:25:16.326814');
INSERT INTO tbl8_comment (comment_id, shop_id, comment_point, comment_text, comment_status, comment_create_by, comment_create_at, comment_update_by, comment_update_at) VALUES(203, 6, 1, '普通の味で、特に感動することはなかったです。', 0, 0x3B20BA2020204820B72038392039433D, '2024-09-10 01:34:07.225834', 0x3B20BA2020204820B72038392039433D, '2024-09-10 01:34:07.225834');
INSERT INTO tbl8_comment (comment_id, shop_id, comment_point, comment_text, comment_status, comment_create_by, comment_create_at, comment_update_by, comment_update_at) VALUES(204, 6, 4, '强烈推荐这家店，特别是他们的烤鸭和炸酱面！', 0, 0x20706320AAC54D5FAFB92020C0D92043, '2024-09-09 16:05:57.800140', 0x20706320AAC54D5FAFB92020C0D92043, '2024-09-09 16:05:57.800140');
INSERT INTO tbl8_comment (comment_id, shop_id, comment_point, comment_text, comment_status, comment_create_by, comment_create_at, comment_update_by, comment_update_at) VALUES(205, 12, 4, 'このお店は本当に正統派の北京料理です。お勧めです！', 0, 0x6FC72020CC204D68A664C67620DDA664, '2024-09-10 10:44:48.922505', 0x6FC72020CC204D68A664C67620DDA664, '2024-09-10 10:44:48.922505');
INSERT INTO tbl8_comment (comment_id, shop_id, comment_point, comment_text, comment_status, comment_create_by, comment_create_at, comment_update_by, comment_update_at) VALUES(206, 12, 4, '价格合理，分量足，北京烤鸭太棒了！', 0, 0xB8202059A1DE4523A720D1A32020B366, '2024-09-09 06:08:56.328794', 0xB8202059A1DE4523A720D1A32020B366, '2024-09-09 06:08:56.328794');
INSERT INTO tbl8_comment (comment_id, shop_id, comment_point, comment_text, comment_status, comment_create_by, comment_create_at, comment_update_by, comment_update_at) VALUES(207, 12, 4, '特に北京ダックとジャージャー麺が最高です！', 0, 0x41C5A25BCE7D404ABE513DAFBAB55C20, '2024-09-09 16:26:54.460336', 0x41C5A25BCE7D404ABE513DAFBAB55C20, '2024-09-09 16:26:54.460336');
INSERT INTO tbl8_comment (comment_id, shop_id, comment_point, comment_text, comment_status, comment_create_by, comment_create_at, comment_update_by, comment_update_at) VALUES(208, 12, 3, '环境很不错，菜品也很正宗，下次还会来！', 0, 0x3420D9D67EA745C4A92C2039DD202028, '2024-09-10 15:50:13.380606', 0x3420D9D67EA745C4A92C2039DD202028, '2024-09-10 15:50:13.380606');
INSERT INTO tbl8_comment (comment_id, shop_id, comment_point, comment_text, comment_status, comment_create_by, comment_create_at, comment_update_by, comment_update_at) VALUES(209, 12, 3, 'サービスがとても良く、味も完璧でした。また来ます！', 0, 0x3D257A4C20CC45D0A13278ABC9206320, '2024-09-09 12:37:44.849116', 0x3D257A4C20CC45D0A13278ABC9206320, '2024-09-09 12:37:44.849116');
INSERT INTO tbl8_comment (comment_id, shop_id, comment_point, comment_text, comment_status, comment_create_by, comment_create_at, comment_update_by, comment_update_at) VALUES(210, 12, 1, '店里有点吵闹，菜的味道偏咸。', 0, 0x20204C736E6143B62020ACBFD2255920, '2024-09-09 12:43:23.416614', 0x20204C736E6143B62020ACBFD2255920, '2024-09-09 12:43:23.416614');
INSERT INTO tbl8_comment (comment_id, shop_id, comment_point, comment_text, comment_status, comment_create_by, comment_create_at, comment_update_by, comment_update_at) VALUES(211, 12, 4, '値段が手頃で量も多い。北京ダックが特に美味しい！', 0, 0x20BB202020204220BDB674B0D92961AF, '2024-09-09 22:35:59.668846', 0x20BB202020204220BDB674B0D92961AF, '2024-09-09 22:35:59.668846');
INSERT INTO tbl8_comment (comment_id, shop_id, comment_point, comment_text, comment_status, comment_create_by, comment_create_at, comment_update_by, comment_update_at) VALUES(212, 12, 4, '服务非常周到，味道也很好，推荐！', 0, 0xCF202020D5204BCAB73462334E202020, '2024-09-09 11:28:33.939123', 0xCF202020D5204BCAB73462334E202020, '2024-09-09 11:28:33.939123');
INSERT INTO tbl8_comment (comment_id, shop_id, comment_point, comment_text, comment_status, comment_create_by, comment_create_at, comment_update_by, comment_update_at) VALUES(213, 12, 3, '特に北京ダックとジャージャー麺が最高です！', 0, 0x20B23222772042CBB2B42020234A203B, '2024-09-10 17:29:29.742613', 0x20B23222772042CBB2B42020234A203B, '2024-09-10 17:29:29.742613');
INSERT INTO tbl8_comment (comment_id, shop_id, comment_point, comment_text, comment_status, comment_create_by, comment_create_at, comment_update_by, comment_update_at) VALUES(214, 12, 5, '价格合理，分量足，北京烤鸭太棒了！', 0, 0x4D2020ADAA5C4720202020B42020686B, '2024-09-09 12:10:51.001666', 0x4D2020ADAA5C4720202020B42020686B, '2024-09-09 12:10:51.001666');
INSERT INTO tbl8_comment (comment_id, shop_id, comment_point, comment_text, comment_status, comment_create_by, comment_create_at, comment_update_by, comment_update_at) VALUES(215, 12, 1, '店員の態度があまり良くなく、料理も期待外れでした。', 0, 0xCC206B2020204A2DA220A438A5202063, '2024-09-10 05:21:23.223743', 0xCC206B2020204A2DA220A438A5202063, '2024-09-10 05:21:23.223743');
INSERT INTO tbl8_comment (comment_id, shop_id, comment_point, comment_text, comment_status, comment_create_by, comment_create_at, comment_update_by, comment_update_at) VALUES(216, 12, 2, '店里有点吵闹，菜的味道偏咸。', 0, 0x20CF20767820462020C62035204A3E6D, '2024-09-09 00:18:51.076621', 0x20CF20767820462020C62035204A3E6D, '2024-09-09 00:18:51.076621');
INSERT INTO tbl8_comment (comment_id, shop_id, comment_point, comment_text, comment_status, comment_create_by, comment_create_at, comment_update_by, comment_update_at) VALUES(217, 12, 3, '特に北京ダックとジャージャー麺が最高です！', 0, 0x4ECA20D061A8412020BF2028D36C2020, '2024-09-10 17:13:35.166550', 0x4ECA20D061A8412020BF2028D36C2020, '2024-09-10 17:13:35.166550');
INSERT INTO tbl8_comment (comment_id, shop_id, comment_point, comment_text, comment_status, comment_create_by, comment_create_at, comment_update_by, comment_update_at) VALUES(218, 12, 5, '这家店是我吃过最正宗的北京料理，必须好评！', 0, 0x20333A20B75242CD2020202020C74C20, '2024-09-10 18:58:05.293108', 0x20333A20B75242CD2020202020C74C20, '2024-09-10 18:58:05.293108');
INSERT INTO tbl8_comment (comment_id, shop_id, comment_point, comment_text, comment_status, comment_create_by, comment_create_at, comment_update_by, comment_update_at) VALUES(219, 12, 1, '料理が出てくるまでの時間が長く、味も微妙でした。', 0, 0x20C0CE5348204979207AAACC723E20B7, '2024-09-10 16:22:10.712931', 0x20C0CE5348204979207AAACC723E20B7, '2024-09-10 16:22:10.712931');
INSERT INTO tbl8_comment (comment_id, shop_id, comment_point, comment_text, comment_status, comment_create_by, comment_create_at, comment_update_by, comment_update_at) VALUES(220, 12, 1, '店里有点吵闹，菜的味道偏咸。', 0, 0x2051206A20204FAB202020272020C020, '2024-09-10 19:00:46.311424', 0x2051206A20204FAB202020272020C020, '2024-09-10 19:00:46.311424');
INSERT INTO tbl8_comment (comment_id, shop_id, comment_point, comment_text, comment_status, comment_create_by, comment_create_at, comment_update_by, comment_update_at) VALUES(221, 12, 4, '値段が手頃で量も多い。北京ダックが特に美味しい！', 0, 0x5679257A203E4A202020D220C0B12F59, '2024-09-10 06:54:32.695339', 0x5679257A203E4A202020D220C0B12F59, '2024-09-10 06:54:32.695339');
INSERT INTO tbl8_comment (comment_id, shop_id, comment_point, comment_text, comment_status, comment_create_by, comment_create_at, comment_update_by, comment_update_at) VALUES(222, 12, 4, '这家店是我吃过最正宗的北京料理，必须好评！', 0, 0x4FB2206AD02040CE202059B120A93F20, '2024-09-09 09:07:48.926019', 0x4FB2206AD02040CE202059B120A93F20, '2024-09-09 09:07:48.926019');
INSERT INTO tbl8_comment (comment_id, shop_id, comment_point, comment_text, comment_status, comment_create_by, comment_create_at, comment_update_by, comment_update_at) VALUES(223, 10, 5, '高级放题套餐吃的太爽了，名不虚传', 0, 0x634544A12020484CC13C20CB202020AF, '2024-10-31 00:34:37.470554', 0x634544A12020484CC13C20CB202020AF, '2024-10-31 00:34:37.470554');
-- tbl10_shop_menu
truncate table tbl10_shop_menu;
INSERT INTO tbl10_shop_menu (menu_item_id, shop_id, menu_item_title_cn, menu_item_title_jp, menu_item_desc_cn, menu_item_desc_jp, menu_item_recommend, menu_item_price, tax_include, menu_item_price_mode, menu_item_pic, menu_item_status, menu_item_create_by, menu_item_create_at, menu_item_update_by, menu_item_update_at) VALUES(1, 4, '【大皿宴会プラン】定番中華料理と飲み放題', '【大皿宴会プラン】定番中華料理と飲み放題', '・流口水的鸡 ・辣椒酱炒虾 ・黑醋subbuta ・油鸡 ・四川麻婆豆腐 ・蚝油炒面', '・よだれ鶏 ・海老のチリソース炒め ・黒酢スブタ ・油淋鶏 ・四川麻婆豆腐 ・オイスターソース焼きそば', 1, 5500.00, 1, 0, 'https://www.itcocreation.cc/ckapi/management/menu-pic/4e288f66-9569-468c-9c1a-4d9f5f4219c4.jpg', 0, 0xC020638E69202090D92320203E208EA2, '2024-10-30 14:40:06.054722', 0xC020638E69202090D92320203E208EA2, '2024-10-30 14:40:06.054722');
INSERT INTO tbl10_shop_menu (menu_item_id, shop_id, menu_item_title_cn, menu_item_title_jp, menu_item_desc_cn, menu_item_desc_jp, menu_item_recommend, menu_item_price, tax_include, menu_item_price_mode, menu_item_pic, menu_item_status, menu_item_create_by, menu_item_create_at, menu_item_update_by, menu_item_update_at) VALUES(2, 4, '【四川大盘方案】含90分钟无限畅饮', '【四川大皿プラン】飲み放題90分付き', '・前菜3种 ・鸡鸡 ・虾仁番茄鸡蛋炒 ・烧麦、小笼包 ・四川麻婆豆腐 ・角煮炒饭', '・前菜３種 ・辣子鶏 ・海老とトマトの卵炒め ・焼売、小籠包 ・四川麻婆豆腐 ・角煮炒飯', 1, 8000.00, 1, 0, 'https://www.itcocreation.cc/ckapi/management/menu-pic/faa5b152-613c-4af1-9e5a-3ce1507f9cb9.jpg', 0, 0xC020638E69202090D92320203E208EA2, '2024-10-30 14:41:36.695937', 0xC020638E69202090D92320203E208EA2, '2024-10-30 14:41:36.695937');
INSERT INTO tbl10_shop_menu (menu_item_id, shop_id, menu_item_title_cn, menu_item_title_jp, menu_item_desc_cn, menu_item_desc_jp, menu_item_recommend, menu_item_price, tax_include, menu_item_price_mode, menu_item_pic, menu_item_status, menu_item_create_by, menu_item_create_at, menu_item_update_by, menu_item_update_at) VALUES(3, 4, '严选食材，享受季节的川菜套餐', '季節を楽しむこだわり素材の四川コース', '・前菜3种拼盘 ・黄蟹五子春卷 ・青紫苏炒虾仁玉米 ・川味薄饼三元猪肉茄子炒 ・冰镇担担面（可加四川麻婆豆腐 600 日元） ・杏仁豆腐', '・前菜３種盛り合わせ ・黄韮入り五目春巻き ・海老ととうもろこしの青紫蘇炒め ・三元豚と茄子の四川香味炒め クレープ包み ・冷やし坦々麺（+600円で四川麻婆豆腐が追加できます） ・杏仁豆腐', 0, 5000.00, 1, 0, 'https://www.itcocreation.cc/ckapi/management/menu-pic/2ce88305-923e-43a3-b54b-c89d30821aa8.jpg', 0, 0xC020638E69202090D92320203E208EA2, '2024-10-30 14:45:31.720488', 0xC020638E69202090D92320203E208EA2, '2024-10-30 14:45:31.720488');
INSERT INTO tbl10_shop_menu (menu_item_id, shop_id, menu_item_title_cn, menu_item_title_jp, menu_item_desc_cn, menu_item_desc_jp, menu_item_recommend, menu_item_price, tax_include, menu_item_price_mode, menu_item_pic, menu_item_status, menu_item_create_by, menu_item_create_at, menu_item_update_by, menu_item_update_at) VALUES(4, 1, '2人份的“高级套餐”～', '「プレミアムコース」2名様～', '主菜是“My Deluxe Mori！”，还有令人惊喜的烟火表演。我们将用我们壮观而奢华的烤肉拼盘让您期待已久的烤肉宴会更加精彩！而且，在这个高级套餐中，部分肉类的含量也得到了升级！', 'コースのメインはサプライズな花火演出付きの「俺のデラックス盛り！」。圧巻の豪華焼肉盛りで待ちに待った焼肉宴会を更に盛り上げます！更にこちらのプレミアムコースでは、一部お肉の内容をグレードアップ！', 0, 10000.00, 1, 0, 'https://www.itcocreation.cc/ckapi/management/menu-pic/f2bc21a9-2630-444a-a361-296e59288809.jpg', 0, 0xC020638E69202090D92320203E208EA2, '2024-10-30 14:52:53.554278', 0xC020638E69202090D92320203E208EA2, '2024-10-30 14:52:53.554278');
INSERT INTO tbl10_shop_menu (menu_item_id, shop_id, menu_item_title_cn, menu_item_title_jp, menu_item_desc_cn, menu_item_desc_jp, menu_item_recommend, menu_item_price, tax_include, menu_item_price_mode, menu_item_pic, menu_item_status, menu_item_create_by, menu_item_create_at, menu_item_update_by, menu_item_update_at) VALUES(5, 1, '一推！ “我的肉套餐”3人份', '一押し！「ザ・俺の肉コース」3名様～', '这是附有无限畅饮的套餐，其中包括我们最推荐的豪华惊喜拼盘“My Deluxe Mori！”。期待已久的烤肉宴将因惊喜烟火表演而更加精彩！', '当店一押しの豪華サプライズ盛り「俺のデラックス盛り！」がメインの飲み放題付コースです。サプライズな花火演出で待ちに待った焼肉宴会を更に盛り上げます！', 1, 8800.00, 1, 0, 'https://www.itcocreation.cc/ckapi/management/menu-pic/da82112f-c983-4c62-8bbb-128f5076889f.jpg', 0, 0xC020638E69202090D92320203E208EA2, '2024-10-30 14:54:02.000655', 0xC020638E69202090D92320203E208EA2, '2024-10-30 14:54:02.000655');
INSERT INTO tbl10_shop_menu (menu_item_id, shop_id, menu_item_title_cn, menu_item_title_jp, menu_item_desc_cn, menu_item_desc_jp, menu_item_recommend, menu_item_price, tax_include, menu_item_price_mode, menu_item_pic, menu_item_status, menu_item_create_by, menu_item_create_at, menu_item_update_by, menu_item_update_at) VALUES(6, 1, '2人份的“仅限烹饪课程”~', '「お料理のみのコース」2名様～', '这是仅由主菜组成的套餐，这是我们最推荐的豪华惊喜拼盘“我的豪华拼盘！”拼盘内容有A5级黑毛和牛“菲力”、A5级黑毛和牛“4种今日特选”。', '当店一押しの豪華サプライズ盛り「俺のデラックス盛り！」がメインのお料理のみのコースです。盛り合わせの内容は、A5ランク黒毛和牛「ヒレ」、A5ランク黒毛和牛「本日の特選部位4種」。', 1, 6000.00, 1, 0, 'https://www.itcocreation.cc/ckapi/management/menu-pic/131f90dd-a5ff-4810-bf1a-b107a30f69e0.jpg', 0, 0xC020638E69202090D92320203E208EA2, '2024-10-30 14:54:58.300049', 0xC020638E69202090D92320203E208EA2, '2024-10-30 14:54:58.300049');
INSERT INTO tbl10_shop_menu (menu_item_id, shop_id, menu_item_title_cn, menu_item_title_jp, menu_item_desc_cn, menu_item_desc_jp, menu_item_recommend, menu_item_price, tax_include, menu_item_price_mode, menu_item_pic, menu_item_status, menu_item_create_by, menu_item_create_at, menu_item_update_by, menu_item_update_at) VALUES(7, 2, '自制水饺', '手作り自慢の水餃子', '自制水饺', '手作り自慢の水餃子', 1, NULL, 1, 1, 'https://www.itcocreation.cc/ckapi/management/menu-pic/4abe5185-0afd-4bee-bfda-d771b02f06ab.jpg', 0, 0xC020638E69202090D92320203E208EA2, '2024-10-30 15:02:14.968449', 0xC020638E69202090D92320203E208EA2, '2024-10-30 15:02:14.968449');
INSERT INTO tbl10_shop_menu (menu_item_id, shop_id, menu_item_title_cn, menu_item_title_jp, menu_item_desc_cn, menu_item_desc_jp, menu_item_recommend, menu_item_price, tax_include, menu_item_price_mode, menu_item_pic, menu_item_status, menu_item_create_by, menu_item_create_at, menu_item_update_by, menu_item_update_at) VALUES(8, 3, '3道汤的火锅套餐【附无限畅饮】', '3つ選べる火鍋コース【飲み放題つき】', '1 药膳火锅，选择3种汤料（麻辣汤、药汤、番茄汤、广西螺蛳汤）', '1薬膳火鍋、スープは3種類お選びください（麻辣スープor薬膳スープorトマトスープor広西タニシ貝スープ）', 1, 3980.00, 1, 0, 'https://www.itcocreation.cc/ckapi/management/menu-pic/7218a1c9-7944-4610-9fa8-8801939acc12.jpg', 0, 0xC020638E69202090D92320203E208EA2, '2024-10-30 15:04:40.915509', 0xC020638E69202090D92320203E208EA2, '2024-10-30 15:04:40.915509');
INSERT INTO tbl10_shop_menu (menu_item_id, shop_id, menu_item_title_cn, menu_item_title_jp, menu_item_desc_cn, menu_item_desc_jp, menu_item_recommend, menu_item_price, tax_include, menu_item_price_mode, menu_item_pic, menu_item_status, menu_item_create_by, menu_item_create_at, menu_item_update_by, menu_item_update_at) VALUES(9, 3, '【第二场套餐】4道菜+无限畅饮', '【2次会コース】料理4品+飲み放題付', '【无限畅饮】 120分钟（最后点餐时间为20分钟前） 请更换玻璃。', '【飲み放題】 120分 (ラストオーダー20分前) グラス交換でお願いします。', 1, 2980.00, 1, 0, 'https://www.itcocreation.cc/ckapi/management/menu-pic/bdcc4215-e93f-4085-91d8-33ff5194d337.jpg', 0, 0xC020638E69202090D92320203E208EA2, '2024-10-30 15:05:47.139387', 0xC020638E69202090D92320203E208EA2, '2024-10-30 15:05:47.139387');
INSERT INTO tbl10_shop_menu (menu_item_id, shop_id, menu_item_title_cn, menu_item_title_jp, menu_item_desc_cn, menu_item_desc_jp, menu_item_recommend, menu_item_price, tax_include, menu_item_price_mode, menu_item_pic, menu_item_status, menu_item_create_by, menu_item_create_at, menu_item_update_by, menu_item_update_at) VALUES(10, 5, '丰富的干沙丁鱼荞麦面', '濃厚煮干しまぜそば', '丰富的干沙丁鱼荞麦面', '濃厚煮干しまぜそば', 1, 900.00, 1, 0, 'https://www.itcocreation.cc/ckapi/management/menu-pic/fceb97e8-33ca-4518-b7e3-b7961a3771f8.png', 0, 0xC020638E69202090D92320203E208EA2, '2024-10-30 15:19:59.813536', 0xC020638E69202090D92320203E208EA2, '2024-10-30 15:19:59.813536');
INSERT INTO tbl10_shop_menu (menu_item_id, shop_id, menu_item_title_cn, menu_item_title_jp, menu_item_desc_cn, menu_item_desc_jp, menu_item_recommend, menu_item_price, tax_include, menu_item_price_mode, menu_item_pic, menu_item_status, menu_item_create_by, menu_item_create_at, menu_item_update_by, menu_item_update_at) VALUES(11, 5, '浓郁的干沙丁鱼拉面', '濃厚煮干しラーメンごぐにぼ', '浓郁的干沙丁鱼拉面', '濃厚煮干しラーメンごぐにぼ', 1, 900.00, 1, 0, 'https://www.itcocreation.cc/ckapi/management/menu-pic/bb85a034-813e-4ea8-b998-f38816cc8f02.png', 0, 0xC020638E69202090D92320203E208EA2, '2024-10-30 15:20:52.520394', 0xC020638E69202090D92320203E208EA2, '2024-10-30 15:20:52.520394');
INSERT INTO tbl10_shop_menu (menu_item_id, shop_id, menu_item_title_cn, menu_item_title_jp, menu_item_desc_cn, menu_item_desc_jp, menu_item_recommend, menu_item_price, tax_include, menu_item_price_mode, menu_item_pic, menu_item_status, menu_item_create_by, menu_item_create_at, menu_item_update_by, menu_item_update_at) VALUES(12, 6, '煎饺', '焼き餃子', '煎饺', '焼き餃子', 1, 280.00, 1, 0, 'https://www.itcocreation.cc/ckapi/management/menu-pic/e276aab2-7ae6-4831-a1a8-62955271ff66.jpg', 0, 0xC020638E69202090D92320203E208EA2, '2024-10-30 15:46:10.709803', 0xC020638E69202090D92320203E208EA2, '2024-10-30 15:46:10.709803');
INSERT INTO tbl10_shop_menu (menu_item_id, shop_id, menu_item_title_cn, menu_item_title_jp, menu_item_desc_cn, menu_item_desc_jp, menu_item_recommend, menu_item_price, tax_include, menu_item_price_mode, menu_item_pic, menu_item_status, menu_item_create_by, menu_item_create_at, menu_item_update_by, menu_item_update_at) VALUES(13, 7, '人气三味药膳火锅+3种肉', '人気三味薬膳火鍋・肉３種', '芳香四溢的香料勾起你的食欲， 请尽情享受药汤♪ 三种口味的药汤是“Mala Benito”、“Collagen Hakuto”和“Healthy Sanchinto”。 严选的3种肉类和什锦蔬菜自助餐', '香り豊かなスパイスが食欲をそそる、 薬膳スープを存分にお楽しみください♪ 三味薬膳スープは、「マーラー紅湯」「コラーゲン白湯」「ヘルシー山珍湯」。 厳選肉３種や野菜の盛り合わせが食べ放題！', 1, 5980.00, 1, 0, 'https://www.itcocreation.cc/ckapi/management/menu-pic/2cab314f-3578-4357-a1c5-45d8deec6f23.jpg', 0, 0xC020638E69202090D92320203E208EA2, '2024-10-30 16:07:42.124795', 0xC020638E69202090D92320203E208EA2, '2024-10-30 16:07:42.124795');
INSERT INTO tbl10_shop_menu (menu_item_id, shop_id, menu_item_title_cn, menu_item_title_jp, menu_item_desc_cn, menu_item_desc_jp, menu_item_recommend, menu_item_price, tax_include, menu_item_price_mode, menu_item_pic, menu_item_status, menu_item_create_by, menu_item_create_at, menu_item_update_by, menu_item_update_at) VALUES(14, 7, '3种肉类/11种蔬菜的美食和药汤', '肉３種/野菜11種など美食と薬膳スープ', '2 小时自助餐，非常适合与朋友和同事休闲聚会。 3种严选肉、竹筒鸡肉丸、11种蔬菜、2色面条，是胃与心都满足的饱餐。', '友人や同僚との気軽なお集まりにぴったりの、2時間食べ放題コース。 厳選肉3種盛り、竹筒鶏つみれ、野菜11種盛り、２色麺など、お腹も心も満たされる充実の内容となっております。', 0, 3980.00, 1, 0, 'https://www.itcocreation.cc/ckapi/management/menu-pic/a5feab5a-d301-472e-8170-1c3bc39b3359.jpg', 0, 0xC020638E69202090D92320203E208EA2, '2024-10-30 16:09:44.766581', 0xC020638E69202090D92320203E208EA2, '2024-10-30 16:09:44.766581');
INSERT INTO tbl10_shop_menu (menu_item_id, shop_id, menu_item_title_cn, menu_item_title_jp, menu_item_desc_cn, menu_item_desc_jp, menu_item_recommend, menu_item_price, tax_include, menu_item_price_mode, menu_item_pic, menu_item_status, menu_item_create_by, menu_item_create_at, menu_item_update_by, menu_item_update_at) VALUES(15, 7, '特别和牛肩肉套餐', '特選和牛肩バラコース', '在银座都市隐秘的包间内尽情享用美味饮品和健康药膳火锅！', '銀座の街で隠れ家のような個室空間で、美味しいお酒と健康薬膳火鍋を存分に楽もう！', 0, 6580.00, 1, 0, 'https://www.itcocreation.cc/ckapi/management/menu-pic/2f3fb1ca-e116-45a7-b0bc-be7477f7ebf0.jpg', 0, 0xC020638E69202090D92320203E208EA2, '2024-10-30 16:10:41.742277', 0xC020638E69202090D92320203E208EA2, '2024-10-30 16:10:41.742277');
INSERT INTO tbl10_shop_menu (menu_item_id, shop_id, menu_item_title_cn, menu_item_title_jp, menu_item_desc_cn, menu_item_desc_jp, menu_item_recommend, menu_item_price, tax_include, menu_item_price_mode, menu_item_pic, menu_item_status, menu_item_create_by, menu_item_create_at, menu_item_update_by, menu_item_update_at) VALUES(16, 8, '一日限定10餐◎午餐套餐', '1日限定10食◎ランチコース', '需前一天下午5点前预约！一天限定10餐◎ 舒园的名产安乐牛肉生鱼片和稀有部位等午餐套餐现已推出！', '前日17時までの完全予約制！1日限定10食◎安楽牛赤身のお刺身や希少部位など秀苑の逸品がランチコースとして登場！', 1, 3300.00, 1, 0, 'https://www.itcocreation.cc/ckapi/management/menu-pic/f5cbc44e-fb8e-4cee-a070-230284683e8e.jpg', 0, 0xC020638E69202090D92320203E208EA2, '2024-10-30 16:45:03.099239', 0xC020638E69202090D92320203E208EA2, '2024-10-30 16:45:03.099239');
INSERT INTO tbl10_shop_menu (menu_item_id, shop_id, menu_item_title_cn, menu_item_title_jp, menu_item_desc_cn, menu_item_desc_jp, menu_item_recommend, menu_item_price, tax_include, menu_item_price_mode, menu_item_pic, menu_item_status, menu_item_create_by, menu_item_create_at, menu_item_update_by, menu_item_update_at) VALUES(17, 8, '宫崎牛美味烤肉套餐 6,500日元', '宮崎牛で旨い焼肉コース6500円', '从自制的泡菜和namul，到只有这道菜才能吃到的“松露牛肉刺身”，到特级高级舌盐，宫崎牛顶级肉，裙边牛排，新鲜和牛激素烤肉，到最后一顿饭。还附送一份清爽的甜点！', '自家製キムチ・ナムルから、このコースでしか食べれない「トリュフ牛刺し」、特選上タン塩＆宮崎牛上クラスのお肉＆ハラミ&新鮮和牛ホルモンの焼肉、〆のお食事まで。お口直しのデザート付き！', 0, 6500.00, 1, 0, 'https://www.itcocreation.cc/ckapi/management/menu-pic/25e9a5f3-6e06-428d-adc3-95ec07ffc905.jpg', 0, 0xC020638E69202090D92320203E208EA2, '2024-10-30 16:46:05.176631', 0xC020638E69202090D92320203E208EA2, '2024-10-30 16:46:05.176631');
INSERT INTO tbl10_shop_menu (menu_item_id, shop_id, menu_item_title_cn, menu_item_title_jp, menu_item_desc_cn, menu_item_desc_jp, menu_item_recommend, menu_item_price, tax_include, menu_item_price_mode, menu_item_pic, menu_item_status, menu_item_create_by, menu_item_create_at, menu_item_update_by, menu_item_update_at) VALUES(18, 8, '美味的宫崎牛肉！烤肉配牛腩', '宮崎牛で旨い！サーロイン付き焼肉', '搭配牛腩◎从自家制的泡菜和namul，到只有这道菜才能吃到的“松露牛肉生鱼片”，再到特选优质舌盐、顶级宫崎牛、裙边牛排和新鲜日本料理的烤肉牛内脏，到最后一餐。还附送一份清爽的甜点！', 'サーロイン付き◎自家製キムチ・ナムルから、このコースでしか食べれない「トリュフ牛刺し」、特選上タン塩＆宮崎牛上クラスのお肉＆ハラミ&新鮮和牛ホルモンの焼肉、〆のお食事まで。お口直しのデザート付き！', 0, 7500.00, 1, 0, 'https://www.itcocreation.cc/ckapi/management/menu-pic/b42d4dc0-aa7e-4a7a-af06-feba43362fec.jpg', 0, 0xC020638E69202090D92320203E208EA2, '2024-10-30 16:47:18.642012', 0xC020638E69202090D92320203E208EA2, '2024-10-30 16:47:18.642012');
INSERT INTO tbl10_shop_menu (menu_item_id, shop_id, menu_item_title_cn, menu_item_title_jp, menu_item_desc_cn, menu_item_desc_jp, menu_item_recommend, menu_item_price, tax_include, menu_item_price_mode, menu_item_pic, menu_item_status, menu_item_create_by, menu_item_create_at, menu_item_update_by, menu_item_update_at) VALUES(19, 9, '麻婆套餐<共8道菜>', '麻婆コース＜全8品＞', '[限时]我们以优惠价格提供非常受欢迎的宴会方案！ ！', '【期間限定】大好評な宴会プランを特別価格でご提供！！', 1, 4000.00, 1, 0, 'https://www.itcocreation.cc/ckapi/management/menu-pic/43cc66d5-0886-49ed-9465-5729f6eca3b0.jpg', 0, 0xC020638E69202090D92320203E208EA2, '2024-10-30 17:55:47.792603', 0xC020638E69202090D92320203E208EA2, '2024-10-30 17:55:47.792603');
INSERT INTO tbl10_shop_menu (menu_item_id, shop_id, menu_item_title_cn, menu_item_title_jp, menu_item_desc_cn, menu_item_desc_jp, menu_item_recommend, menu_item_price, tax_include, menu_item_price_mode, menu_item_pic, menu_item_status, menu_item_create_by, menu_item_create_at, menu_item_update_by, menu_item_update_at) VALUES(20, 9, '特别套餐', 'スペシャル食べ放題コース', '【大感恩节】特别无限畅吃+无限畅饮20日元！ （加20日元即可畅饮）', '【大感謝祭】スペシャル食べ放題プランに＋20円で飲み放題！（＋20円で飲み放題をおつけいたします。）', 0, 4400.00, 1, 0, 'https://www.itcocreation.cc/ckapi/management/menu-pic/4dc434fb-823d-45bd-bfde-419b9a557303.jpg', 0, 0xC020638E69202090D92320203E208EA2, '2024-10-30 17:59:14.909877', 0xC020638E69202090D92320203E208EA2, '2024-10-30 17:59:14.909877');
INSERT INTO tbl10_shop_menu (menu_item_id, shop_id, menu_item_title_cn, menu_item_title_jp, menu_item_desc_cn, menu_item_desc_jp, menu_item_recommend, menu_item_price, tax_include, menu_item_price_mode, menu_item_pic, menu_item_status, menu_item_create_by, menu_item_create_at, menu_item_update_by, menu_item_update_at) VALUES(21, 9, '豪华北京烤鸭套餐', '豪華絢爛北京ダックコース', '[限时]我们以优惠价格提供非常受欢迎的宴会方案！ ！', '【期間限定】大好評な宴会プランを特別価格でご提供！！', 0, 6000.00, 1, 0, 'https://www.itcocreation.cc/ckapi/management/menu-pic/659f6824-0819-442f-818f-c21d00ecedb7.jpg', 0, 0xC020638E69202090D92320203E208EA2, '2024-10-30 18:00:12.238580', 0xC020638E69202090D92320203E208EA2, '2024-10-30 18:00:12.238580');
INSERT INTO tbl10_shop_menu (menu_item_id, shop_id, menu_item_title_cn, menu_item_title_jp, menu_item_desc_cn, menu_item_desc_jp, menu_item_recommend, menu_item_price, tax_include, menu_item_price_mode, menu_item_pic, menu_item_status, menu_item_create_by, menu_item_create_at, menu_item_update_by, menu_item_update_at) VALUES(22, 10, '【无限量吃】标准套餐', '【食べ放題】スタンダードコース', '您可以选择四种类型的烤肉：酱汁、盐、味噌和辣味噌。', '焼肉はタレ、塩、味噌、辛みその4種類お選び頂けます。', 1, 3278.00, 1, 0, 'https://www.itcocreation.cc/ckapi/management/menu-pic/c276b358-0338-4a74-b95d-2cf700067274.jpg', 0, 0xC020638E69202090D92320203E208EA2, '2024-10-30 18:09:35.588494', 0xC020638E69202090D92320203E208EA2, '2024-10-30 18:09:35.588494');
INSERT INTO tbl10_shop_menu (menu_item_id, shop_id, menu_item_title_cn, menu_item_title_jp, menu_item_desc_cn, menu_item_desc_jp, menu_item_recommend, menu_item_price, tax_include, menu_item_price_mode, menu_item_pic, menu_item_status, menu_item_create_by, menu_item_create_at, menu_item_update_by, menu_item_update_at) VALUES(23, 10, '【无限量吃】高级套餐', '【食べ放題】プレミアムコース', '您可以选择四种类型的烤肉：酱汁、盐、味噌和辣味噌。', '焼肉はタレ、塩、味噌、辛みその4種類お選び頂けます。', 0, 4378.00, 1, 0, 'https://www.itcocreation.cc/ckapi/management/menu-pic/5ac723fb-5235-4ed4-919b-5a91bdfd41b0.jpg', 0, 0xC020638E69202090D92320203E208EA2, '2024-10-30 18:10:44.503917', 0xC020638E69202090D92320203E208EA2, '2024-10-30 18:10:44.503917');
INSERT INTO tbl10_shop_menu (menu_item_id, shop_id, menu_item_title_cn, menu_item_title_jp, menu_item_desc_cn, menu_item_desc_jp, menu_item_recommend, menu_item_price, tax_include, menu_item_price_mode, menu_item_pic, menu_item_status, menu_item_create_by, menu_item_create_at, menu_item_update_by, menu_item_update_at) VALUES(24, 10, '精心挑选的优质课程', '厳選プレミアムコース', '您可以选择四种类型的烤肉：酱汁、盐、味噌和辣味噌。', '焼肉はタレ、塩、味噌、辛みその4種類お選び頂けます。', 0, 5470.00, 1, 0, 'https://www.itcocreation.cc/ckapi/management/menu-pic/edf0497e-c39a-4342-b127-b9a5f899ee8a.jpg', 0, 0xC020638E69202090D92320203E208EA2, '2024-10-30 18:11:36.934565', 0xC020638E69202090D92320203E208EA2, '2024-10-30 18:11:36.934565');